ResponseId,brochure,timeRecommendation,presencePrevalence,DIS_n,age,disease,PPV_screening,RECOMEND_screening_AFTER,RECOMEND_screening_BEFORE,SURE_RECOMEND_screening_AFTER,SURE_RECOMEND_screening_BEFORE,ENOUGH_screening,CONF_PPV_screening,RECOMEND_followup,SURE_RECOMEND_followup,FACTORS_FU_Item_1,FACTORS_FU_Item_2,FACTORS_FU_Item_3,FACTORS_FU_Item_4,FACTORS_FU_Item_5,FACTORS_FU_Item_6,FACTORS_FU_Item_7,FACTORS_FU_Item_8,CONTROL_total,UNCERTAINTY_follow_up_decision,UNCERTAINTY_screening_reliability,UNCERTAINTY_test_reliability_importance,UNCERTAINTY_all,correct_PPV,error_PPV,accuracy_PPV,sure_recommend_screening_cont,sure_recommend_FU_cont
R_0rfN4fxsGpOPd5f,OLD,BFAFT,NOPREV,1,40,Breast cancer,99.82,Yes,Yes,99,99,No,90,Yes,99,100,100,100,100,5,15,100,5,0.75,198,198,300,696,91,8.819999999999993,0,99,99
R_0rfN4fxsGpOPd5f,OLD,BFAFT,NOPREV,2,20,Down syndrome,99.65,Yes,Yes,100,99,Yes,98,Yes,99,99,99,100,100,5,10,100,10,0.75,196,198,300,694,20,79.65,0,100,99
R_10HMEvt8AtFM3po,NEW,BFAFT,SIPREV,1,40,Breast cancer,95.96,Yes,Yes,91,98,Yes,95,Yes,100,81,89,100,100,29,29,100,28,0.6666666666666666,182,152,300,634,91,4.959999999999994,1,91,100
R_10HMEvt8AtFM3po,NEW,BFAFT,SIPREV,2,20,Down syndrome,90,No,No,91,91,Yes,91,Yes,95,90,90,100,100,57,56,100,56,0.6666666666666666,150,190,169,509,20,70,0,-91,95
R_10re62Xj6u0KkCk,OLD,AFTER,SIPREV,1,20,Down syndrome,12.81,Yes,NA,99,NA,Yes,54,Yes,93,94,82,91,94,45,37,85,15,0.5,176,168,275,619,20,-7.1899999999999995,0,99,93
R_10re62Xj6u0KkCk,OLD,AFTER,SIPREV,2,40,Breast cancer,99.74,Yes,NA,100,NA,Yes,94,Yes,100,89,91,100,100,49,40,100,27,1,200,189,298,687,91,8.739999999999995,0,100,100
R_11bdyiKFu7e0ChC,OLD,BFAFT,NOPREV,1,40,Down syndrome,90.96,Yes,Yes,75,75,Yes,50,Yes,60,100,50,100,100,30,50,50,50,0.75,170,185,300,655,79.2,11.759999999999991,0,75,60
R_11bdyiKFu7e0ChC,OLD,BFAFT,NOPREV,2,20,Breast cancer,99.3,Yes,Yes,95,90,Yes,91,Yes,100,100,100,100,100,10,10,100,100,0,200,185,300,685,11,88.3,0,95,100
R_11cPljUnn0ECrNH,NEW,BFAFT,SIPREV,1,20,Down syndrome,90,Yes,Yes,100,100,Yes,95,Yes,84,79,92,100,100,50,48,100,52,0.3333333333333333,174,161,300,635,20,70,0,100,84
R_11cPljUnn0ECrNH,NEW,BFAFT,SIPREV,2,40,Breast cancer,22.54,Yes,Yes,34,32,No,45,No,100,15,15,27,88,11,24,44,28,0,105,48,280,433,91,-68.46000000000001,0,34,-100
R_12stafIYM0qh5YU,NEW,BFAFT,SIPREV,1,20,Down syndrome,25,No,No,90,90,Yes,70,No,90,90,90,90,90,100,100,80,100,1,100,75,220,395,20,5,1,-90,-90
R_12stafIYM0qh5YU,NEW,BFAFT,SIPREV,2,40,Breast cancer,91.05,Yes,Yes,90,90,Yes,90,Yes,90,90,90,90,90,90,80,100,80,1,100,181,260,541,91,0.04999999999999716,1,90,90
R_1BXE8IMtJpJWtZY,NEW,BFAFT,NOPREV,1,40,Breast cancer,9.65,Yes,Yes,100,100,No,51,Yes,100,100,100,100,95,0,0,100,1,0.3333333333333333,195,182,295,672,91,-81.35,0,100,100
R_1BXE8IMtJpJWtZY,NEW,BFAFT,NOPREV,2,20,Down syndrome,19.65,No,No,80,81,Yes,90,No,72,91,91,45,69,1,1,1,1,0.6666666666666666,122,44,241,407,20,-0.3500000000000014,1,-80,-72
R_1C8EPt0GEA3zORq,NEW,AFTER,SIPREV,1,40,Down syndrome,100,No,NA,93,NA,Yes,100,No,34,100,100,100,100,100,100,100,100,0,198,198,300,696,79.2,20.799999999999997,0,-93,-34
R_1C8EPt0GEA3zORq,NEW,AFTER,SIPREV,2,20,Breast cancer,96.09,No,NA,47,NA,Yes,85,No,47,56,52,55,57,57,57,56,43,NA,109,100,170,379,11,85.09,0,-47,-47
R_1CBmoDw5VmkULO8,NEW,AFTER,SIPREV,1,40,Down syndrome,79.04,Yes,NA,60,NA,Yes,100,No,71,71,79,51,62,94,91,26,88,1,101,158,273,532,79.2,-0.1599999999999966,1,60,-71
R_1CBmoDw5VmkULO8,NEW,AFTER,SIPREV,2,20,Breast cancer,11.05,Yes,NA,61,NA,Yes,100,No,81,92,93,79,80,81,81,82,65,1,101,22,268,391,11,0.05000000000000071,1,61,-81
R_1ClrzhNzLCr9Dyk,OLD,BFAFT,SIPREV,1,40,Down syndrome,0,No,No,100,100,Yes,100,No,100,100,100,100,0,100,100,0,100,0,100,0,300,400,79.2,-79.2,0,-100,-100
R_1ClrzhNzLCr9Dyk,OLD,BFAFT,SIPREV,2,20,Breast cancer,0.09,Yes,Yes,100,100,Yes,100,Yes,100,100,100,100,100,100,100,100,100,0.75,200,9,300,509,11,-10.91,0,100,100
R_1CvSC7WZbvUg66G,OLD,AFTER,NOPREV,1,20,Down syndrome,50,No,NA,35,NA,Yes,30,No,90,0,35,0,24,95,96,21,100,0.5,0,100,110,210,20,30,0,-35,-90
R_1CvSC7WZbvUg66G,OLD,AFTER,NOPREV,2,40,Breast cancer,50,Yes,NA,100,NA,Yes,20,Yes,85,10,0,100,100,10,5,100,10,0.5,160,105,300,565,91,-41,0,100,85
R_1DIGkmeToCoyudL,OLD,BFAFT,SIPREV,1,40,Breast cancer,40.09,No,No,90,95,Yes,20,Yes,87,64,41,88,97,18,18,89,10,0.75,75,52,231,358,91,-50.91,0,-90,87
R_1DIGkmeToCoyudL,OLD,BFAFT,SIPREV,2,20,Down syndrome,90.26,Yes,Yes,81,71,Yes,71,Yes,41,80,29,94,93,41,41,81,25,0.75,100,102,261,463,20,70.26,0,81,41
R_1Dp8clZhqjEMAhP,NEW,AFTER,SIPREV,1,40,Down syndrome,11.84,Yes,NA,92,NA,Yes,30,No,90,8,4,3,5,96,96,5,97,1,10,130,300,440,79.2,-67.36,0,92,-90
R_1Dp8clZhqjEMAhP,NEW,AFTER,SIPREV,2,20,Breast cancer,10.7,Yes,NA,100,NA,Yes,91,Yes,61,74,81,91,97,14,6,97,19,1,180,14,280,474,11,-0.3000000000000007,1,100,61
R_1f6LJFBp7KEIhPq,OLD,BFAFT,NOPREV,1,20,Down syndrome,20.02,Yes,Yes,99,93,Yes,5,Yes,91,100,99,100,100,92,89,80,95,0.5,163,179,253,595,20,0.019999999999999574,1,99,91
R_1f6LJFBp7KEIhPq,OLD,BFAFT,NOPREV,2,40,Breast cancer,7.4,Yes,Yes,98,99,Yes,1,Yes,100,92,92,93,99,91,94,99,100,1,198,199,290,687,91,-83.6,0,98,100
R_1fadb3RyLYRbBkf,OLD,BFAFT,NOPREV,1,20,Breast cancer,50,Yes,Yes,100,100,Yes,50,Yes,100,100,100,100,100,31,5,100,32,0.75,200,181,300,681,11,39,0,100,100
R_1fadb3RyLYRbBkf,OLD,BFAFT,NOPREV,2,40,Down syndrome,49.91,Yes,Yes,100,100,Yes,50,Yes,100,100,91,100,100,4,7,100,20,0.75,200,180,300,680,79.2,-29.290000000000006,0,100,100
R_1FCzydCcZHIvAum,OLD,BFAFT,SIPREV,1,40,Breast cancer,34.47,Yes,Yes,100,100,Yes,95,Yes,98,100,98,100,100,96,98,100,99,0.75,199,197,298,694,91,-56.53,0,100,98
R_1FCzydCcZHIvAum,OLD,BFAFT,SIPREV,2,20,Down syndrome,95.53,Yes,Yes,95,94,Yes,99,No,94,90,96,72,83,100,100,66,100,0.5,196,179,264,639,20,75.53,0,95,-94
R_1FD1Cu3LXvHRWZF,NEW,BFAFT,SIPREV,1,40,Down syndrome,73.16,Yes,Yes,60,82,Yes,60,Yes,70,49,68,70,55,75,47,72,63,0,143,148,167,458,79.2,-6.040000000000006,0,60,70
R_1FD1Cu3LXvHRWZF,NEW,BFAFT,SIPREV,2,20,Breast cancer,58.07,No,No,100,76,Yes,95,No,95,55,73,65,81,58,67,79,71,0.3333333333333333,111,166,239,516,11,47.07,0,-100,-95
R_1FEbaUX4bSEFDZg,NEW,BFAFT,NOPREV,1,40,Breast cancer,91.05,Yes,Yes,100,100,Yes,99,Yes,100,0,20,95,100,0,0,100,0,0.6666666666666666,200,185,300,685,91,0.04999999999999716,1,100,100
R_1FEbaUX4bSEFDZg,NEW,BFAFT,NOPREV,2,20,Down syndrome,42.02,No,No,50,50,Yes,98,Yes,50,0,0,30,30,15,15,33,0,0.3333333333333333,150,111,270,531,20,22.020000000000003,0,-50,50
R_1FKsiBMv76VVSeL,NEW,AFTER,NOPREV,1,20,Breast cancer,11.05,No,NA,95,NA,Yes,99,Yes,55,90,91,90,100,55,55,90,55,1,100,0,300,400,11,0.05000000000000071,1,-95,55
R_1FKsiBMv76VVSeL,NEW,AFTER,NOPREV,2,40,Down syndrome,79.04,Yes,NA,80,NA,Yes,99,No,60,50,50,50,51,100,100,51,100,1,110,100,300,510,79.2,-0.1599999999999966,1,80,-60
R_1FlDYrDKMkBNbyj,OLD,AFTER,SIPREV,1,40,Down syndrome,64.21,Yes,NA,69,NA,Yes,69,Yes,67,65,75,67,72,67,80,72,73,0.5,152,141,186,479,79.2,-14.990000000000009,0,69,67
R_1FlDYrDKMkBNbyj,OLD,AFTER,SIPREV,2,20,Breast cancer,72.81,Yes,NA,81,NA,Yes,81,Yes,79,82,74,85,79,88,75,83,73,0.75,145,168,224,537,11,61.81,0,81,79
R_1FtYWyB9wniwZDh,NEW,BFAFT,NOPREV,1,40,Breast cancer,91.05,Yes,Yes,76,82,Yes,96,Yes,67,88,78,92,96,45,45,96,44,1,101,150,299,550,91,0.04999999999999716,1,76,67
R_1FtYWyB9wniwZDh,NEW,BFAFT,NOPREV,2,20,Down syndrome,19.91,No,No,98,93,Yes,51,No,91,92,93,96,72,95,97,71,98,0.6666666666666666,18,37,287,342,20,-0.08999999999999986,1,-98,-91
R_1g0wJVt11hCpTLZ,NEW,AFTER,SIPREV,1,40,Down syndrome,83.51,Yes,NA,99,NA,Yes,78,Yes,87,98,95,97,74,82,89,83,89,0,175,180,260,615,79.2,4.310000000000002,1,99,87
R_1g0wJVt11hCpTLZ,NEW,AFTER,SIPREV,2,20,Breast cancer,88.6,Yes,NA,98,NA,Yes,99,Yes,97,98,93,97,93,90,88,91,97,0.6666666666666666,182,187,259,628,11,77.6,0,98,97
R_1GZ98lOEa4xOYbB,OLD,AFTER,NOPREV,1,40,Down syndrome,39.82,Yes,NA,29,NA,Yes,10,Yes,30,60,50,81,58,23,23,17,53,0,60,48,110,218,79.2,-39.38,0,29,30
R_1GZ98lOEa4xOYbB,OLD,AFTER,NOPREV,2,20,Breast cancer,99.12,Yes,NA,93,NA,Yes,81,Yes,95,96,95,100,100,18,22,100,41,0.5,200,187,300,687,11,88.12,0,93,95
R_1H1CcREWNsTJoRw,OLD,AFTER,NOPREV,1,20,Breast cancer,99.82,Yes,NA,95,NA,Yes,95,Yes,79,95,88,96,93,93,89,88,83,0.5,145,192,285,622,11,88.82,0,95,79
R_1H1CcREWNsTJoRw,OLD,AFTER,NOPREV,2,40,Down syndrome,99.65,Yes,NA,97,NA,Yes,98,Yes,89,91,93,90,97,95,91,90,94,0.75,186,193,281,660,79.2,20.450000000000003,0,97,89
R_1hAOu3rdmyT5oHP,NEW,AFTER,NOPREV,1,20,Down syndrome,20.09,Yes,NA,100,NA,Yes,100,Yes,100,100,100,100,100,100,52,100,55,0,200,191,300,691,20,0.08999999999999986,1,100,100
R_1hAOu3rdmyT5oHP,NEW,AFTER,NOPREV,2,40,Breast cancer,91.23,Yes,NA,100,NA,Yes,100,Yes,100,100,100,100,100,100,58,100,32,0.3333333333333333,200,200,300,700,91,0.23000000000000398,1,100,100
R_1if9JcBsqlsbMg4,NEW,AFTER,NOPREV,1,20,Breast cancer,10.96,Yes,NA,100,NA,Yes,100,Yes,100,100,90,100,100,0,0,100,0,0,200,190,300,690,11,-0.03999999999999915,1,100,100
R_1if9JcBsqlsbMg4,NEW,AFTER,NOPREV,2,40,Down syndrome,79.21,No,NA,100,NA,Yes,100,Yes,100,100,0,100,100,1,1,100,2,0.6666666666666666,119,68,141,328,79.2,0.009999999999990905,1,-100,100
R_1IL6HCtCJ7hB4Mu,NEW,AFTER,NOPREV,1,40,Breast cancer,70.61,Yes,NA,81,NA,Yes,60,Yes,92,89,90,89,94,71,69,89,67,0.6666666666666666,191,190,278,659,91,-20.39,0,81,92
R_1IL6HCtCJ7hB4Mu,NEW,AFTER,NOPREV,2,20,Down syndrome,20,No,NA,52,NA,Yes,31,Yes,40,35,16,51,59,43,45,52,56,1,91,46,243,380,20,0,1,-52,40
R_1jqT2gKGjuvrwtt,NEW,AFTER,SIPREV,1,40,Down syndrome,79.04,Yes,NA,75,NA,Yes,100,No,90,82,82,0,0,84,91,0,97,1,53,140,267,460,79.2,-0.1599999999999966,1,75,-90
R_1jqT2gKGjuvrwtt,NEW,AFTER,SIPREV,2,20,Breast cancer,11.4,Yes,NA,100,NA,Yes,100,No,52,81,76,0,0,85,85,0,86,1,39,126,256,421,11,0.40000000000000036,1,100,-52
R_1jUoQaJiVtusz6j,NEW,BFAFT,NOPREV,1,40,Down syndrome,41.93,Yes,Yes,62,60,Yes,42,Yes,61,61,49,40,81,30,30,54,45,0.3333333333333333,79,101,172,352,79.2,-37.27,0,62,61
R_1jUoQaJiVtusz6j,NEW,BFAFT,NOPREV,2,20,Breast cancer,8.51,No,No,25,43,Yes,51,Yes,50,48,47,57,58,55,55,59,50,0.3333333333333333,73,99,142,314,11,-2.49,1,-25,50
R_1jVOq3kc6NKNh9t,NEW,BFAFT,NOPREV,1,40,Breast cancer,90.96,Yes,Yes,88,92,Yes,90,Yes,80,91,97,97,97,6,6,96,4,0.6666666666666666,187,182,287,656,91,-0.04000000000000625,1,88,80
R_1jVOq3kc6NKNh9t,NEW,BFAFT,NOPREV,2,20,Down syndrome,20,No,No,55,66,Yes,90,No,81,81,61,9,16,40,27,4,60,1,49,39,75,163,20,0,1,-55,-81
R_1jvREPnGFmgTGlR,OLD,AFTER,SIPREV,1,20,Down syndrome,90,Yes,NA,67,NA,Yes,96,Yes,90,82,87,97,100,8,7,3,77,0.75,100,156,257,513,20,70,0,67,90
R_1jvREPnGFmgTGlR,OLD,AFTER,SIPREV,2,40,Breast cancer,99.12,Yes,NA,94,NA,Yes,95,Yes,100,94,99,100,100,20,13,100,30,0.75,190,191,285,666,91,8.120000000000005,0,94,100
R_1K8dDunbU3zJwQu,OLD,AFTER,NOPREV,1,20,Breast cancer,99.56,Yes,NA,70,NA,No,51,Yes,85,80,81,100,90,90,80,85,20,0.75,120,150,282,552,11,88.56,0,70,85
R_1K8dDunbU3zJwQu,OLD,AFTER,NOPREV,2,40,Down syndrome,90.35,No,NA,50,NA,No,41,No,81,89,50,2,92,75,88,21,100,0.75,15,140,139,294,79.2,11.149999999999991,0,-50,-81
R_1KfkA6Aa05bWDKu,NEW,BFAFT,NOPREV,1,40,Down syndrome,79.82,Yes,Yes,95,89,Yes,88,Yes,89,33,16,28,33,55,52,31,32,0.6666666666666666,173,167,258,598,79.2,0.6199999999999903,1,95,89
R_1KfkA6Aa05bWDKu,NEW,BFAFT,NOPREV,2,20,Breast cancer,2.31,Yes,Yes,94,62,Yes,14,Yes,83,29,24,8,36,32,20,12,29,0.3333333333333333,113,120,209,442,11,-8.69,0,94,83
R_1Kpcqh9V52Qf4eV,NEW,BFAFT,SIPREV,1,40,Breast cancer,77.72,Yes,No,75,88,Yes,100,No,74,51,67,64,68,70,69,64,74,0.3333333333333333,146,148,180,474,91,-13.280000000000001,0,75,-74
R_1Kpcqh9V52Qf4eV,NEW,BFAFT,SIPREV,2,20,Down syndrome,78.33,Yes,Yes,96,89,Yes,97,Yes,90,95,87,66,75,69,68,75,51,0,114,78,206,398,20,58.33,0,96,90
R_1kSMS3rCmzYgUR8,NEW,BFAFT,SIPREV,1,40,Down syndrome,80,Yes,Yes,100,100,Yes,100,Yes,100,0,0,80,100,0,0,50,0,0.6666666666666666,200,180,300,680,79.2,0.7999999999999972,1,100,100
R_1kSMS3rCmzYgUR8,NEW,BFAFT,SIPREV,2,20,Breast cancer,10.35,No,No,100,100,Yes,80,Yes,95,50,50,100,100,0,0,0,0,1,151,100,300,551,11,-0.6500000000000004,1,-100,95
R_1KxqXiGem9dwSUz,OLD,BFAFT,NOPREV,1,40,Down syndrome,99.91,Yes,Yes,30,30,Yes,71,No,99,87,88,1,1,100,100,1,100,0.75,2,187,212,401,79.2,20.709999999999994,0,30,-99
R_1KxqXiGem9dwSUz,OLD,BFAFT,NOPREV,2,20,Breast cancer,51.05,Yes,Yes,100,100,Yes,35,Yes,100,100,100,100,100,100,12,100,100,0.75,200,159,300,659,11,40.05,0,100,100
R_1ltPDF4eOKOw8vo,NEW,BFAFT,NOPREV,1,20,Breast cancer,66.14,Yes,Yes,71,49,Yes,58,Yes,96,51,60,77,77,74,69,75,73,0,95,114,166,375,11,55.14,0,71,96
R_1ltPDF4eOKOw8vo,NEW,BFAFT,NOPREV,2,40,Down syndrome,60.53,Yes,Yes,80,78,Yes,60,Yes,76,75,70,75,70,76,73,72,75,0.3333333333333333,143,141,181,465,79.2,-18.67,0,80,76
R_1LUL3AAWYPimdYN,OLD,BFAFT,NOPREV,1,40,Breast cancer,90.35,Yes,Yes,95,100,No,0,Yes,90,50,50,91,91,52,51,92,2,0.75,124,125,300,549,91,-0.6500000000000057,1,95,90
R_1LUL3AAWYPimdYN,OLD,BFAFT,NOPREV,2,20,Down syndrome,50.26,No,No,100,100,No,0,No,100,0,0,82,1,82,81,0,86,0.75,0,100,0,100,20,30.259999999999998,0,-100,-100
R_1lz5Mc0d9xlzKTz,OLD,AFTER,SIPREV,1,40,Breast cancer,70,Yes,NA,100,NA,Yes,51,Yes,99,96,93,100,96,91,91,98,86,0.5,162,168,291,621,91,-21,0,100,99
R_1lz5Mc0d9xlzKTz,OLD,AFTER,SIPREV,2,20,Down syndrome,50,No,NA,90,NA,Yes,70,No,82,91,61,24,88,94,93,49,94,0.75,91,112,289,492,20,30,0,-90,-82
R_1M0pJqSXK58P43J,NEW,AFTER,SIPREV,1,20,Breast cancer,5.35,Yes,NA,70,NA,Yes,88,Yes,61,11,28,99,67,91,24,89,18,1,189,103,271,563,11,-5.65,0,70,61
R_1M0pJqSXK58P43J,NEW,AFTER,SIPREV,2,40,Down syndrome,79.12,Yes,NA,39,NA,Yes,91,No,22,58,13,30,34,16,79,28,67,1,85,148,144,377,79.2,-0.0799999999999983,1,39,-22
R_1mjYKXcbR7BV3JD,OLD,BFAFT,NOPREV,1,20,Down syndrome,5,No,No,92,91,Yes,70,No,81,60,61,18,19,100,100,1,100,0.5,1,29,240,270,20,-15,0,-92,-81
R_1mjYKXcbR7BV3JD,OLD,BFAFT,NOPREV,2,40,Breast cancer,71.82,No,No,93,96,Yes,93,Yes,71,50,72,89,99,49,68,85,69,0.75,40,111,170,321,91,-19.180000000000007,0,-93,71
R_1mRvLSBtb5huGyD,NEW,AFTER,SIPREV,1,20,Down syndrome,96.14,No,NA,100,NA,Yes,91,No,100,0,0,0,0,50,50,0,51,0.6666666666666666,0,182,0,182,20,76.14,0,-100,-100
R_1mRvLSBtb5huGyD,NEW,AFTER,SIPREV,2,40,Breast cancer,91.05,Yes,NA,100,NA,Yes,92,Yes,100,61,61,100,100,28,46,100,28,0.6666666666666666,172,182,300,654,91,0.04999999999999716,1,100,100
R_1NbpDJ8WJDQTeAc,OLD,BFAFT,NOPREV,1,20,Breast cancer,60.61,Yes,Yes,90,90,Yes,40,Yes,95,91,92,100,100,50,50,100,60,0.75,200,185,291,676,11,49.61,0,90,95
R_1NbpDJ8WJDQTeAc,OLD,BFAFT,NOPREV,2,40,Down syndrome,55.09,No,No,70,70,Yes,51,No,85,60,60,60,50,100,100,75,100,1,101,110,234,445,79.2,-24.11,0,-70,-85
R_1qaM7GUy0LftRRP,OLD,BFAFT,SIPREV,1,20,Down syndrome,87.46,Yes,Yes,20,20,Yes,8,Yes,25,96,80,69,64,92,92,80,64,0.75,152,135,219,506,20,67.46,0,20,25
R_1qaM7GUy0LftRRP,OLD,BFAFT,SIPREV,2,40,Breast cancer,75.79,Yes,Yes,87,80,No,9,Yes,80,98,88,95,100,97,90,100,60,0.75,183,147,268,598,91,-15.209999999999994,0,87,80
R_1QFA7R1tOZCDw31,OLD,AFTER,SIPREV,1,40,Breast cancer,97.28,Yes,NA,100,NA,Yes,96,Yes,90,93,93,99,100,81,81,90,79,0.25,187,195,294,676,91,6.280000000000001,0,100,90
R_1QFA7R1tOZCDw31,OLD,AFTER,SIPREV,2,20,Down syndrome,90.61,Yes,NA,99,NA,Yes,98,Yes,97,97,96,100,100,53,53,100,49,0.75,169,188,298,655,20,70.61,0,99,97
R_1rMHbsrSFZUfPJv,OLD,AFTER,NOPREV,1,40,Down syndrome,81.4,Yes,NA,92,NA,Yes,75,Yes,88,83,87,85,77,84,82,82,81,0.75,175,177,260,612,79.2,2.200000000000003,1,92,88
R_1rMHbsrSFZUfPJv,OLD,AFTER,NOPREV,2,20,Breast cancer,94.91,Yes,NA,93,NA,Yes,95,Yes,87,84,92,89,90,91,94,91,90,0.75,189,191,281,661,11,83.91,0,93,87
R_1rPPlNUIyfiNzkv,NEW,AFTER,NOPREV,1,40,Down syndrome,79.49,Yes,NA,100,NA,Yes,82,Yes,100,100,91,100,100,10,11,100,10,1,200,155,300,655,79.2,0.28999999999999204,1,100,100
R_1rPPlNUIyfiNzkv,NEW,AFTER,NOPREV,2,20,Breast cancer,10.37,No,NA,80,NA,Yes,70,No,51,82,71,19,21,2,2,9,2,0.6666666666666666,59,23,231,313,11,-0.6300000000000008,1,-80,-51
R_1rqwCc4yxpuwIaz,NEW,BFAFT,NOPREV,1,20,Down syndrome,0.53,No,No,71,79,Yes,81,No,76,85,60,49,0,85,72,0,86,1,106,12,209,327,20,-19.47,0,-71,-76
R_1rqwCc4yxpuwIaz,NEW,BFAFT,NOPREV,2,40,Breast cancer,49.91,Yes,Yes,96,95,Yes,71,Yes,100,91,91,100,100,49,50,100,25,1,200,182,291,673,91,-41.09,0,96,100
R_1ruIMT4jUvhVVk6,NEW,BFAFT,NOPREV,1,40,Down syndrome,60.09,Yes,Yes,60,60,Yes,82,Yes,81,61,82,69,100,60,70,26,21,1,79,161,300,540,79.2,-19.11,0,60,81
R_1ruIMT4jUvhVVk6,NEW,BFAFT,NOPREV,2,20,Breast cancer,12.37,No,No,81,81,Yes,81,Yes,71,81,83,100,100,11,93,33,18,0.3333333333333333,123,122,243,488,11,1.3699999999999992,1,-81,71
R_20PfaooFd7mTRI1,OLD,BFAFT,SIPREV,1,40,Breast cancer,87.05,Yes,Yes,22,100,Yes,42,Yes,90,71,84,97,92,31,22,10,45,0.25,176,180,291,647,91,-3.950000000000003,1,22,90
R_20PfaooFd7mTRI1,OLD,BFAFT,SIPREV,2,20,Down syndrome,90.48,No,No,67,70,Yes,99,Yes,94,94,71,96,100,21,16,46,10,0.75,194,156,283,633,20,70.48,0,-67,94
R_21haDGi00YXbBAj,NEW,AFTER,SIPREV,1,20,Down syndrome,10,No,NA,90,NA,Yes,50,Yes,30,50,70,80,80,50,20,80,20,0.6666666666666666,21,55,141,217,20,-10,0,-90,30
R_21haDGi00YXbBAj,NEW,AFTER,SIPREV,2,40,Breast cancer,91.05,Yes,NA,100,NA,Yes,99,Yes,85,90,95,100,100,9,10,100,10,0.6666666666666666,196,176,289,661,91,0.04999999999999716,1,100,85
R_231BGDDXKnxpjKJ,OLD,BFAFT,NOPREV,1,40,Down syndrome,60.18,Yes,Yes,70,71,Yes,40,Yes,80,40,71,93,93,39,40,70,35,0.5,111,140,280,531,79.2,-19.020000000000003,0,70,80
R_231BGDDXKnxpjKJ,OLD,BFAFT,NOPREV,2,20,Breast cancer,99.12,Yes,Yes,100,100,Yes,91,Yes,100,50,95,100,100,8,8,100,25,0.75,170,190,299,659,11,88.12,0,100,100
R_231e1mOCJYlmnc6,OLD,BFAFT,NOPREV,1,40,Breast cancer,94.12,Yes,Yes,75,77,Yes,42,Yes,32,28,64,68,82,98,99,68,98,0.75,105,138,300,543,91,3.1200000000000045,1,75,32
R_231e1mOCJYlmnc6,OLD,BFAFT,NOPREV,2,20,Down syndrome,90.09,Yes,Yes,54,68,Yes,66,Yes,42,81,73,94,95,96,97,97,96,0.75,118,114,300,532,20,70.09,0,54,42
R_23fdQMKvCz08siQ,NEW,AFTER,NOPREV,1,20,Down syndrome,90,Yes,NA,50,NA,Yes,100,Yes,100,10,10,100,82,10,10,100,10,0.6666666666666666,200,182,150,532,20,70,0,50,100
R_23fdQMKvCz08siQ,NEW,AFTER,NOPREV,2,40,Breast cancer,99.04,Yes,NA,100,NA,Yes,100,Yes,100,50,51,100,100,19,19,100,19,0.3333333333333333,200,182,300,682,91,8.040000000000006,0,100,100
R_24qMO5F870GUguz,OLD,AFTER,NOPREV,1,40,Breast cancer,0.79,No,NA,99,NA,Yes,95,Yes,50,96,0,100,100,97,97,97,96,0.25,120,0,201,321,91,-90.21,0,-99,50
R_24qMO5F870GUguz,OLD,AFTER,NOPREV,2,20,Down syndrome,1.05,No,NA,100,NA,Yes,96,No,100,80,90,92,91,99,99,92,100,0.25,60,1,200,261,20,-18.95,0,-100,-100
R_27amOYf3pTemK9E,OLD,AFTER,SIPREV,1,40,Down syndrome,7.11,Yes,NA,89,NA,Yes,33,No,71,74,94,55,48,87,85,12,93,0.5,74,182,214,470,79.2,-72.09,0,89,-71
R_27amOYf3pTemK9E,OLD,AFTER,SIPREV,2,20,Breast cancer,0.35,No,NA,52,NA,Yes,64,Yes,47,61,93,100,99,47,54,1,37,0.5,164,178,262,604,11,-10.65,0,-52,47
R_27OmFqrULAIcZ6C,NEW,BFAFT,SIPREV,1,20,Down syndrome,0.26,No,No,86,87,Yes,100,Yes,50,88,93,94,81,88,100,92,93,0.6666666666666666,96,162,239,497,20,-19.74,0,-86,50
R_27OmFqrULAIcZ6C,NEW,BFAFT,SIPREV,2,40,Breast cancer,90.88,Yes,Yes,85,91,Yes,100,Yes,100,92,94,88,92,94,89,95,96,0.6666666666666666,153,138,194,485,91,-0.12000000000000455,1,85,100
R_27wLCxHMYDf72Z4,NEW,BFAFT,SIPREV,1,40,Breast cancer,91.05,Yes,Yes,92,100,Yes,100,Yes,80,91,92,92,100,14,14,90,12,1,158,183,274,615,91,0.04999999999999716,1,92,80
R_27wLCxHMYDf72Z4,NEW,BFAFT,SIPREV,2,20,Down syndrome,20,No,No,92,91,Yes,100,Yes,100,100,100,100,85,16,17,84,19,1,189,192,245,626,20,0,1,-92,100
R_2ATmR3ho8F5qI4e,OLD,BFAFT,SIPREV,1,20,Breast cancer,61.84,Yes,Yes,72,93,Yes,17,Yes,78,92,94,95,99,1,1,95,1,0.5,186,172,280,638,11,50.84,0,72,78
R_2ATmR3ho8F5qI4e,OLD,BFAFT,SIPREV,2,40,Down syndrome,81.84,Yes,Yes,95,92,Yes,89,Yes,95,96,100,99,98,1,1,89,1,0.5,185,178,274,637,79.2,2.6400000000000006,1,95,95
R_2ByxeYzhgugBlDQ,NEW,AFTER,SIPREV,1,20,Down syndrome,0.09,No,NA,61,NA,Yes,91,No,100,50,39,1,1,91,91,16,93,1,2,131,82,215,20,-19.91,0,-61,-100
R_2ByxeYzhgugBlDQ,NEW,AFTER,SIPREV,2,40,Breast cancer,2.02,Yes,NA,100,NA,Yes,61,Yes,100,70,50,97,97,9,9,100,9,0.3333333333333333,200,200,300,700,91,-88.98,0,100,100
R_2bZssqS97gXsGtK,NEW,BFAFT,SIPREV,1,40,Breast cancer,93.33,Yes,Yes,82,89,Yes,92,Yes,95,78,96,96,96,76,77,95,63,0.3333333333333333,195,191,284,670,91,2.3299999999999983,1,82,95
R_2bZssqS97gXsGtK,NEW,BFAFT,SIPREV,2,20,Down syndrome,20.09,Yes,No,95,90,Yes,93,Yes,51,64,65,81,80,47,48,53,50,1,14,15,23,52,20,0.08999999999999986,1,95,51
R_2cbVoyHnCd3GMsR,OLD,AFTER,SIPREV,1,20,Down syndrome,90.26,Yes,NA,79,NA,Yes,87,No,89,60,53,49,66,73,86,64,100,0.75,24,101,94,219,20,70.26,0,79,-89
R_2cbVoyHnCd3GMsR,OLD,AFTER,SIPREV,2,40,Breast cancer,99.47,Yes,NA,100,NA,Yes,100,Yes,100,99,99,100,100,35,41,74,60,0.75,196,198,265,659,91,8.469999999999999,0,100,100
R_2CIAAKbKcMtJ6aW,OLD,BFAFT,NOPREV,1,20,Down syndrome,26.67,No,Yes,23,28,Yes,20,Yes,27,23,29,24,23,30,28,37,35,0.25,62,67,102,231,20,6.670000000000002,0,-23,27
R_2CIAAKbKcMtJ6aW,OLD,BFAFT,NOPREV,2,40,Breast cancer,45.88,No,No,53,39,Yes,56,Yes,44,30,23,26,24,30,27,26,29,0,73,83,102,258,91,-45.12,0,-53,44
R_2CiSf09hPh9D6Y6,OLD,AFTER,NOPREV,1,20,Down syndrome,90.79,Yes,NA,96,NA,No,79,Yes,96,72,72,98,100,20,14,99,14,0.75,188,135,251,574,20,70.79,0,96,96
R_2CiSf09hPh9D6Y6,OLD,AFTER,NOPREV,2,40,Breast cancer,92.72,Yes,NA,85,NA,No,85,Yes,96,74,70,96,100,15,10,100,98,1,190,182,297,669,91,1.7199999999999989,1,85,96
R_2co0GlIk8HRxwrj,OLD,AFTER,NOPREV,1,20,Down syndrome,20,Yes,NA,100,NA,Yes,81,Yes,71,92,86,93,99,91,19,100,6,0.75,160,120,275,555,20,0,1,100,71
R_2co0GlIk8HRxwrj,OLD,AFTER,NOPREV,2,40,Breast cancer,50,Yes,NA,100,NA,Yes,100,Yes,98,100,100,100,100,6,9,100,11,1,187,164,248,599,91,-41,0,100,98
R_2CZXkHfuKFM6wA9,NEW,BFAFT,SIPREV,1,20,Breast cancer,0.61,Yes,Yes,1,1,Yes,1,Yes,1,2,2,2,2,2,2,2,1,0,2,2,3,7,11,-10.39,0,1,1
R_2CZXkHfuKFM6wA9,NEW,BFAFT,SIPREV,2,40,Down syndrome,0.61,No,No,1,1,Yes,1,Yes,1,1,1,1,1,1,1,1,1,0.3333333333333333,2,2,3,7,79.2,-78.59,0,-1,1
R_2D8HJWav5WgtO4x,NEW,AFTER,NOPREV,1,20,Down syndrome,21.05,No,NA,94,NA,Yes,81,No,92,7,10,6,6,80,68,5,61,0.3333333333333333,34,32,102,168,20,1.0500000000000007,1,-94,-92
R_2D8HJWav5WgtO4x,NEW,AFTER,NOPREV,2,40,Breast cancer,91.93,Yes,NA,91,NA,Yes,92,Yes,89,92,91,93,94,47,36,92,14,0.6666666666666666,177,179,268,624,91,0.9300000000000068,1,91,89
R_2duMBnB9vz8tpgw,NEW,AFTER,SIPREV,1,20,Down syndrome,80.61,Yes,NA,70,NA,Yes,91,Yes,81,81,81,100,100,20,20,80,15,0.6666666666666666,161,167,300,628,20,60.61,0,70,81
R_2duMBnB9vz8tpgw,NEW,AFTER,SIPREV,2,40,Breast cancer,90.53,Yes,NA,100,NA,Yes,81,Yes,100,100,91,100,100,15,15,15,15,0.6666666666666666,200,190,300,690,91,-0.46999999999999886,1,100,100
R_2E5oeLThCkYwjIZ,NEW,AFTER,SIPREV,1,40,Breast cancer,5,Yes,NA,100,NA,Yes,3,Yes,100,100,93,100,100,100,52,99,4,1,173,161,290,624,91,-86,0,100,100
R_2E5oeLThCkYwjIZ,NEW,AFTER,SIPREV,2,20,Down syndrome,1.93,Yes,NA,74,NA,Yes,72,Yes,100,100,94,100,58,23,24,100,54,0.3333333333333333,200,189,288,677,20,-18.07,0,74,100
R_2hRVYTEnY10es01,NEW,BFAFT,NOPREV,1,40,Down syndrome,75.79,Yes,Yes,91,90,Yes,0,Yes,90,100,100,100,18,100,71,11,62,1,200,150,270,620,79.2,-3.4099999999999966,1,91,90
R_2hRVYTEnY10es01,NEW,BFAFT,NOPREV,2,20,Breast cancer,11.05,Yes,Yes,100,100,Yes,30,No,61,100,100,11,39,73,78,26,39,1,100,21,300,421,11,0.05000000000000071,1,100,-61
R_2PbqQIdFTL3sy4E,OLD,BFAFT,NOPREV,1,20,Down syndrome,26.49,Yes,Yes,100,100,Yes,24,Yes,100,89,86,90,100,100,100,100,100,0.75,200,198,300,698,20,6.489999999999998,0,100,100
R_2PbqQIdFTL3sy4E,OLD,BFAFT,NOPREV,2,40,Breast cancer,20.7,Yes,Yes,100,100,Yes,5,Yes,100,31,66,98,93,100,92,98,99,0.75,200,200,300,700,91,-70.3,0,100,100
R_2q7xO6Uil16R0aZ,NEW,AFTER,NOPREV,1,40,Breast cancer,90.88,Yes,NA,81,NA,Yes,81,No,60,81,81,51,51,86,100,86,100,0.3333333333333333,200,159,300,659,91,-0.12000000000000455,1,81,-60
R_2q7xO6Uil16R0aZ,NEW,AFTER,NOPREV,2,20,Down syndrome,24.74,No,NA,100,NA,Yes,100,No,1,91,91,91,100,99,100,100,100,0.3333333333333333,100,100,300,500,20,4.739999999999998,1,-100,-1
R_2QtudrmB9yoZkTy,NEW,BFAFT,SIPREV,1,40,Breast cancer,99.12,Yes,Yes,100,100,Yes,100,Yes,100,100,100,100,100,81,81,100,83,0.3333333333333333,192,199,300,691,91,8.120000000000005,0,100,100
R_2QtudrmB9yoZkTy,NEW,BFAFT,SIPREV,2,20,Down syndrome,20.18,Yes,Yes,100,100,Yes,92,Yes,100,100,100,100,100,89,90,100,80,0.6666666666666666,200,180,300,680,20,0.17999999999999972,1,100,100
R_2QtXkuAwnuBUfwL,OLD,BFAFT,SIPREV,1,40,Breast cancer,2.37,Yes,Yes,98,100,Yes,51,Yes,98,93,100,100,100,38,52,85,68,0.75,198,192,296,686,91,-88.63,0,98,98
R_2QtXkuAwnuBUfwL,OLD,BFAFT,SIPREV,2,20,Down syndrome,90.96,Yes,Yes,100,100,Yes,100,Yes,92,92,95,100,100,8,5,100,12,0.75,194,169,281,644,20,70.96,0,100,92
R_2QtyGR9gcdZzaSB,OLD,AFTER,NOPREV,1,20,Breast cancer,99.04,Yes,NA,66,NA,Yes,100,Yes,100,41,40,99,99,12,12,100,12,0.75,193,151,290,634,11,88.04,0,66,100
R_2QtyGR9gcdZzaSB,OLD,AFTER,NOPREV,2,40,Down syndrome,90,Yes,NA,77,NA,Yes,100,Yes,73,37,37,100,82,36,36,35,27,0.75,188,195,285,668,79.2,10.799999999999997,0,77,73
R_2QuLtkvdtdUs5L1,OLD,AFTER,SIPREV,1,20,Breast cancer,99.04,Yes,NA,83,NA,Yes,100,Yes,51,82,92,75,100,22,23,97,51,0.25,67,177,300,544,11,88.04,0,83,51
R_2QuLtkvdtdUs5L1,OLD,AFTER,SIPREV,2,40,Down syndrome,90.53,Yes,NA,95,NA,Yes,85,No,72,89,93,61,53,100,100,31,100,0.75,106,181,300,587,79.2,11.329999999999998,0,95,-72
R_2QYZugV1oSBtl25,NEW,BFAFT,SIPREV,1,40,Breast cancer,97.81,Yes,Yes,72,72,Yes,54,Yes,100,98,97,100,100,67,63,100,57,0.6666666666666666,194,175,289,658,91,6.810000000000002,0,72,100
R_2QYZugV1oSBtl25,NEW,BFAFT,SIPREV,2,20,Down syndrome,20,No,No,68,82,Yes,77,Yes,70,96,59,100,100,56,58,60,58,1,137,50,292,479,20,0,1,-68,70
R_2qz7sVLNqGX31XS,NEW,BFAFT,SIPREV,1,40,Breast cancer,99.04,Yes,Yes,100,99,Yes,99,Yes,100,100,100,100,100,10,10,50,50,0.6666666666666666,200,180,300,680,91,8.040000000000006,0,100,100
R_2qz7sVLNqGX31XS,NEW,BFAFT,SIPREV,2,20,Down syndrome,90,No,No,100,100,Yes,100,No,100,0,50,0,100,100,100,0,100,0,0,25,0,25,20,70,0,-100,-100
R_2rIWDTdrP7pEncW,OLD,BFAFT,SIPREV,1,20,Breast cancer,34.3,Yes,Yes,97,96,Yes,72,Yes,83,87,92,99,87,97,91,95,96,0.5,193,160,278,631,11,23.299999999999997,0,97,83
R_2rIWDTdrP7pEncW,OLD,BFAFT,SIPREV,2,40,Down syndrome,95.88,Yes,Yes,84,89,Yes,94,Yes,95,90,92,91,85,74,90,52,72,0.75,162,185,259,606,79.2,16.679999999999993,0,84,95
R_2rMTON8ukBwQ0b7,NEW,BFAFT,NOPREV,1,40,Down syndrome,79.04,Yes,Yes,91,90,Yes,99,Yes,90,71,61,88,97,26,17,30,19,1,156,118,264,538,79.2,-0.1599999999999966,1,91,90
R_2rMTON8ukBwQ0b7,NEW,BFAFT,NOPREV,2,20,Breast cancer,11.05,No,No,97,98,Yes,96,No,81,80,87,59,43,66,66,60,45,1,59,20,234,313,11,0.05000000000000071,1,-97,-81
R_2sQHzZ7weUvnG5B,NEW,BFAFT,SIPREV,1,40,Breast cancer,91.05,Yes,Yes,90,95,Yes,90,Yes,90,100,100,100,100,30,10,50,0,1,180,190,300,670,91,0.04999999999999716,1,90,90
R_2sQHzZ7weUvnG5B,NEW,BFAFT,SIPREV,2,20,Down syndrome,20.09,No,No,60,90,Yes,90,No,95,100,100,50,0,100,100,50,100,0.6666666666666666,10,50,300,360,20,0.08999999999999986,1,-60,-95
R_2sS8vnjmXxwpg0e,OLD,AFTER,NOPREV,1,40,Down syndrome,99.65,Yes,NA,100,NA,Yes,100,Yes,50,50,50,100,90,100,1,50,97,0.75,2,198,300,500,79.2,20.450000000000003,0,100,50
R_2sS8vnjmXxwpg0e,OLD,AFTER,NOPREV,2,20,Breast cancer,99.82,No,NA,50,NA,No,100,Yes,100,80,60,100,100,1,1,50,1,0.75,199,198,300,697,11,88.82,0,-50,100
R_2SwdXN6JvRajTZm,OLD,BFAFT,SIPREV,1,20,Down syndrome,60.44,No,No,64,61,Yes,20,Yes,51,64,62,55,69,95,88,62,83,0.75,90,130,261,481,20,40.44,0,-64,51
R_2SwdXN6JvRajTZm,OLD,BFAFT,SIPREV,2,40,Breast cancer,39.21,Yes,Yes,81,78,Yes,20,Yes,91,56,93,93,100,71,93,99,94,1,183,169,263,615,91,-51.79,0,81,91
R_2SxG8SFRAhpPbKI,NEW,BFAFT,SIPREV,1,20,Breast cancer,5.53,Yes,Yes,100,100,Yes,84,Yes,100,81,89,99,100,14,18,99,100,0.6666666666666666,192,190,289,671,11,-5.47,0,100,100
R_2SxG8SFRAhpPbKI,NEW,BFAFT,SIPREV,2,40,Down syndrome,5.7,Yes,Yes,100,100,Yes,83,Yes,99,79,87,100,100,64,57,86,89,0.6666666666666666,200,198,299,697,79.2,-73.5,0,100,99
R_2TBk1SFpomPIHTk,OLD,AFTER,SIPREV,1,20,Breast cancer,70,Yes,NA,100,NA,Yes,0,Yes,70,100,90,100,100,40,50,100,50,0.75,200,140,300,640,11,59,0,100,70
R_2TBk1SFpomPIHTk,OLD,AFTER,SIPREV,2,40,Down syndrome,70,Yes,NA,100,NA,Yes,0,Yes,60,100,100,100,100,50,40,100,40,0.75,200,140,300,640,79.2,-9.200000000000003,0,100,60
R_2ToxUZN6BhcMyek,OLD,AFTER,SIPREV,1,40,Breast cancer,75.7,Yes,NA,100,NA,Yes,67,Yes,91,75,82,84,78,80,82,82,83,0.75,164,148,249,561,91,-15.299999999999997,0,100,91
R_2ToxUZN6BhcMyek,OLD,AFTER,SIPREV,2,20,Down syndrome,91.49,Yes,NA,92,NA,Yes,94,Yes,96,71,80,79,80,80,82,82,78,0.75,150,133,233,516,20,71.49,0,92,96
R_2TYwIMSlvxLjT1g,OLD,AFTER,SIPREV,1,20,Breast cancer,99.82,Yes,NA,80,NA,Yes,100,Yes,80,100,80,100,100,65,80,100,80,0.25,198,199,300,697,11,88.82,0,80,80
R_2TYwIMSlvxLjT1g,OLD,AFTER,SIPREV,2,40,Down syndrome,90.26,Yes,NA,90,NA,Yes,100,Yes,71,100,90,80,90,100,100,50,100,0.75,160,180,290,630,79.2,11.060000000000002,0,90,71
R_2UbaHXBvtqRiu7n,OLD,AFTER,NOPREV,1,20,Down syndrome,90.09,Yes,NA,86,NA,Yes,87,Yes,80,88,91,83,86,72,88,69,64,0.25,159,149,247,555,20,70.09,0,86,80
R_2UbaHXBvtqRiu7n,OLD,AFTER,NOPREV,2,40,Breast cancer,95.79,Yes,NA,92,NA,Yes,92,Yes,100,96,97,100,100,70,71,100,63,0.75,198,190,296,684,91,4.790000000000006,1,92,100
R_2uwvvifwOsE2w58,NEW,AFTER,SIPREV,1,40,Breast cancer,91.75,Yes,NA,95,NA,Yes,100,Yes,95,100,91,100,100,50,10,100,10,1,165,160,300,625,91,0.75,1,95,95
R_2uwvvifwOsE2w58,NEW,AFTER,SIPREV,2,20,Down syndrome,20,No,NA,100,NA,Yes,100,No,100,100,81,9,1,100,100,0,100,1,30,30,15,75,20,0,1,-100,-100
R_2wtx0X6PJgRBHml,NEW,BFAFT,SIPREV,1,20,Down syndrome,20.09,No,No,90,90,No,0,Yes,100,100,60,100,50,51,51,100,69,0.6666666666666666,200,100,300,600,20,0.08999999999999986,1,-90,100
R_2wtx0X6PJgRBHml,NEW,BFAFT,SIPREV,2,40,Breast cancer,50,Yes,Yes,100,100,No,100,No,40,100,100,100,100,100,49,79,88,0.6666666666666666,200,162,300,662,91,-41,0,100,-40
R_2wuxLuKCzTm658i,NEW,BFAFT,SIPREV,1,40,Breast cancer,91.14,No,No,30,30,Yes,95,Yes,75,30,20,100,70,0,0,50,0,0.6666666666666666,200,120,230,550,91,0.14000000000000057,1,-30,75
R_2wuxLuKCzTm658i,NEW,BFAFT,SIPREV,2,20,Down syndrome,20,No,No,20,20,Yes,95,Yes,80,10,50,100,10,0,0,15,0,0.6666666666666666,200,2,241,443,20,0,1,-20,80
R_2Xj3ybA9Cxr2RCi,NEW,BFAFT,NOPREV,1,20,Breast cancer,11.05,No,No,60,61,Yes,100,Yes,30,19,18,50,86,52,72,86,75,1,171,22,300,493,11,0.05000000000000071,1,-60,30
R_2Xj3ybA9Cxr2RCi,NEW,BFAFT,NOPREV,2,40,Down syndrome,78.51,Yes,Yes,85,99,Yes,100,Yes,75,73,89,84,95,90,84,90,80,1,174,183,275,632,79.2,-0.6899999999999977,1,85,75
R_2Y9tJIf5gdvL1H5,OLD,AFTER,SIPREV,1,20,Breast cancer,99.12,No,NA,50,NA,No,90,Yes,100,100,90,100,100,70,70,100,70,0.75,149,185,300,634,11,88.12,0,-50,100
R_2Y9tJIf5gdvL1H5,OLD,AFTER,SIPREV,2,40,Down syndrome,90.18,Yes,NA,80,NA,Yes,96,No,99,91,80,90,100,90,89,100,100,0.75,55,180,300,535,79.2,10.980000000000004,0,80,-99
R_2ykmu0RxDlXkGrr,NEW,AFTER,SIPREV,1,40,Down syndrome,81.84,Yes,NA,91,NA,Yes,94,Yes,81,78,85,89,89,42,42,48,36,0.6666666666666666,132,138,198,468,79.2,2.6400000000000006,1,91,81
R_2ykmu0RxDlXkGrr,NEW,AFTER,SIPREV,2,20,Breast cancer,90.88,Yes,NA,87,NA,Yes,96,Yes,91,61,72,82,92,38,41,81,31,1,146,147,215,508,11,79.88,0,87,91
R_2ylUVFIRWQKCXjS,OLD,BFAFT,NOPREV,1,40,Down syndrome,90,Yes,Yes,88,98,Yes,100,No,45,21,20,20,21,77,78,18,94,0.25,104,180,269,553,79.2,10.799999999999997,0,88,-45
R_2ylUVFIRWQKCXjS,OLD,BFAFT,NOPREV,2,20,Breast cancer,97.98,Yes,Yes,100,100,Yes,98,Yes,83,55,56,56,83,84,59,93,59,0,100,181,281,562,11,86.98,0,100,83
R_2zcgmQCPbS9NE2n,NEW,AFTER,SIPREV,1,40,Down syndrome,4.82,No,NA,100,NA,Yes,100,Yes,71,90,81,100,80,71,70,70,20,0.3333333333333333,60,151,200,411,79.2,-74.38,0,-100,71
R_2zcgmQCPbS9NE2n,NEW,AFTER,SIPREV,2,20,Breast cancer,11.05,No,NA,50,NA,Yes,100,Yes,100,91,91,100,100,5,5,100,7,0.6666666666666666,200,140,280,620,11,0.05000000000000071,1,-50,100
R_2ZK6b2KC4zXsc6a,NEW,AFTER,NOPREV,1,40,Down syndrome,79.04,Yes,NA,71,NA,Yes,100,No,50,50,71,4,50,81,85,5,87,0.6666666666666666,140,173,128,441,79.2,-0.1599999999999966,1,71,-50
R_2ZK6b2KC4zXsc6a,NEW,AFTER,NOPREV,2,20,Breast cancer,11.23,Yes,NA,52,NA,Yes,100,Yes,50,71,63,100,100,19,18,100,26,1,164,142,213,519,11,0.23000000000000043,1,52,50
R_301qCQGeC6gaJfC,NEW,AFTER,NOPREV,1,20,Breast cancer,99.12,Yes,NA,100,NA,Yes,100,Yes,100,100,50,100,100,0,0,100,50,0.6666666666666666,200,162,300,662,11,88.12,0,100,100
R_301qCQGeC6gaJfC,NEW,AFTER,NOPREV,2,40,Down syndrome,79.39,Yes,NA,100,NA,Yes,100,No,61,100,100,28,49,100,100,0,100,1,0,159,260,419,79.2,0.18999999999999773,1,100,-61
R_302cuMh2VmctEAb,OLD,AFTER,NOPREV,1,40,Down syndrome,92.28,No,NA,90,NA,Yes,50,No,81,80,80,90,29,87,87,24,89,0.75,29,170,172,371,79.2,13.079999999999998,0,-90,-81
R_302cuMh2VmctEAb,OLD,AFTER,NOPREV,2,20,Breast cancer,92.81,No,NA,90,NA,No,55,Yes,61,61,50,98,91,52,43,62,78,0.75,129,140,277,546,11,81.81,0,-90,61
R_31NwawIXBF9rww2,NEW,BFAFT,NOPREV,1,40,Down syndrome,55.09,Yes,Yes,88,92,Yes,54,Yes,50,70,90,75,48,32,71,84,78,0,176,129,229,534,79.2,-24.11,0,88,50
R_31NwawIXBF9rww2,NEW,BFAFT,NOPREV,2,20,Breast cancer,77.02,Yes,Yes,73,82,Yes,65,Yes,88,62,73,53,52,45,63,81,76,0,176,158,229,563,11,66.02,0,73,88
R_324M92p3v6CA2OF,NEW,AFTER,SIPREV,1,20,Breast cancer,11.05,No,NA,77,NA,Yes,89,Yes,20,58,25,84,95,43,43,12,11,1,106,30,235,371,11,0.05000000000000071,1,-77,20
R_324M92p3v6CA2OF,NEW,AFTER,SIPREV,2,40,Down syndrome,79.21,Yes,NA,63,NA,Yes,98,Yes,80,62,60,75,65,11,16,19,20,1,102,136,277,515,79.2,0.009999999999990905,1,63,80
R_3CCKywJzlTHZIDP,OLD,BFAFT,SIPREV,1,40,Breast cancer,99.82,Yes,Yes,100,100,Yes,99,Yes,100,100,100,100,100,63,63,87,23,0.75,200,199,300,699,91,8.819999999999993,0,100,100
R_3CCKywJzlTHZIDP,OLD,BFAFT,SIPREV,2,20,Down syndrome,99.56,Yes,Yes,50,50,Yes,96,Yes,50,91,91,92,60,60,60,61,60,0.5,145,183,59,387,20,79.56,0,50,50
R_3CI5tqnpaWAyERb,OLD,AFTER,SIPREV,1,20,Breast cancer,70.96,Yes,NA,80,NA,Yes,81,Yes,100,40,19,100,100,0,0,48,4,0.75,200,146,197,543,11,59.959999999999994,0,80,100
R_3CI5tqnpaWAyERb,OLD,AFTER,SIPREV,2,40,Down syndrome,99.65,Yes,NA,71,NA,Yes,100,Yes,100,9,0,100,100,0,0,100,0,0.75,200,181,264,645,79.2,20.450000000000003,0,71,100
R_3CTpYSPVXIFxQUb,OLD,BFAFT,NOPREV,1,20,Down syndrome,1.05,Yes,Yes,100,99,Yes,75,Yes,100,90,90,100,100,50,50,100,100,0.75,190,180,291,661,20,-18.95,0,100,100
R_3CTpYSPVXIFxQUb,OLD,BFAFT,NOPREV,2,40,Breast cancer,0.96,Yes,Yes,100,100,Yes,85,Yes,100,100,100,100,100,75,75,100,100,0.75,190,195,300,685,91,-90.04,0,100,100
R_3DqARzvIVCnVk0y,NEW,BFAFT,NOPREV,1,20,Breast cancer,11.05,No,No,70,90,Yes,91,Yes,90,92,90,100,100,30,21,96,30,0.6666666666666666,178,20,294,492,11,0.05000000000000071,1,-70,90
R_3DqARzvIVCnVk0y,NEW,BFAFT,NOPREV,2,40,Down syndrome,79.04,Yes,Yes,87,95,Yes,91,Yes,76,85,79,100,98,49,43,80,51,1,89,149,299,537,79.2,-0.1599999999999966,1,87,76
R_3dVOYSrgtvnjHYl,NEW,AFTER,NOPREV,1,20,Down syndrome,19.74,No,NA,100,NA,Yes,98,No,100,17,11,13,8,100,100,2,100,1,1,48,11,60,20,-0.26000000000000156,1,-100,-100
R_3dVOYSrgtvnjHYl,NEW,AFTER,NOPREV,2,40,Breast cancer,91.93,Yes,NA,71,NA,Yes,77,No,96,92,92,0,100,100,100,3,100,1,138,162,299,599,91,0.9300000000000068,1,71,-96
R_3Eb6kdhw9edF2t0,OLD,AFTER,SIPREV,1,20,Down syndrome,9.12,Yes,NA,100,NA,Yes,71,Yes,50,80,50,100,100,100,100,50,75,0.75,70,180,190,440,20,-10.88,0,100,50
R_3Eb6kdhw9edF2t0,OLD,AFTER,SIPREV,2,40,Breast cancer,29.91,Yes,NA,100,NA,Yes,10,Yes,100,100,100,100,100,90,80,100,20,0.75,200,198,300,698,91,-61.09,0,100,100
R_3EfHPxjBdEks7oP,NEW,AFTER,NOPREV,1,20,Breast cancer,11.05,Yes,NA,96,NA,Yes,100,Yes,100,100,100,95,99,70,70,99,92,0,158,190,299,647,11,0.05000000000000071,1,96,100
R_3EfHPxjBdEks7oP,NEW,AFTER,NOPREV,2,40,Down syndrome,78.95,Yes,NA,100,NA,Yes,99,No,95,98,96,58,70,100,100,9,100,0,76,190,287,553,79.2,-0.25,1,100,-95
R_3EFIL3PrjGRr38l,OLD,AFTER,NOPREV,1,20,Down syndrome,90,Yes,NA,90,NA,Yes,95,Yes,82,89,89,94,97,72,49,39,64,0.5,142,179,275,596,20,70,0,90,82
R_3EFIL3PrjGRr38l,OLD,AFTER,NOPREV,2,40,Breast cancer,99.21,Yes,NA,96,NA,Yes,92,No,81,98,98,14,16,12,78,15,84,0.5,51,196,293,540,91,8.209999999999994,0,96,-81
R_3EWLAghI9T4b1o2,OLD,BFAFT,SIPREV,1,20,Down syndrome,49.56,No,No,81,73,No,71,No,78,81,84,85,90,93,100,89,100,0.25,177,183,283,643,20,29.560000000000002,0,-81,-78
R_3EWLAghI9T4b1o2,OLD,BFAFT,SIPREV,2,40,Breast cancer,83.51,Yes,Yes,99,100,Yes,91,Yes,86,83,85,86,86,91,90,86,90,0.5,167,172,244,583,91,-7.489999999999995,0,99,86
R_3F5aWLe4AMsAqng,OLD,BFAFT,NOPREV,1,20,Down syndrome,3.25,Yes,Yes,84,85,Yes,85,Yes,90,78,88,87,82,83,88,90,88,0.75,163,170,243,576,20,-16.75,0,84,90
R_3F5aWLe4AMsAqng,OLD,BFAFT,NOPREV,2,40,Breast cancer,96.49,Yes,Yes,89,90,Yes,95,Yes,90,81,86,88,86,85,89,87,86,0.75,172,180,261,613,91,5.489999999999995,0,89,90
R_3FRIfcpe7AwjaOO,OLD,AFTER,SIPREV,1,20,Down syndrome,79.56,Yes,NA,100,NA,Yes,91,Yes,93,63,74,97,92,5,53,78,1,0,157,180,258,595,20,59.56,0,100,93
R_3FRIfcpe7AwjaOO,OLD,AFTER,SIPREV,2,40,Breast cancer,74.65,Yes,NA,86,NA,Yes,84,Yes,100,86,88,100,100,4,1,100,1,0.25,200,146,283,629,91,-16.349999999999994,0,86,100
R_3g0nVaIGvWPlEsO,OLD,AFTER,NOPREV,1,40,Down syndrome,90.09,Yes,NA,50,NA,Yes,100,Yes,50,100,50,100,70,100,100,0,70,0.75,100,180,300,580,79.2,10.89,0,50,50
R_3g0nVaIGvWPlEsO,OLD,AFTER,NOPREV,2,20,Breast cancer,98.16,No,NA,50,NA,Yes,100,Yes,100,100,100,100,100,0,0,100,0,0.75,200,160,300,660,11,87.16,0,-50,100
R_3GjtXilTNuVwe8I,NEW,AFTER,NOPREV,1,40,Down syndrome,10.09,Yes,NA,100,NA,Yes,99,Yes,100,60,70,80,80,80,81,80,80,0.6666666666666666,191,153,300,644,79.2,-69.11,0,100,100
R_3GjtXilTNuVwe8I,NEW,AFTER,NOPREV,2,20,Breast cancer,10.09,Yes,NA,100,NA,Yes,81,Yes,100,91,90,100,100,50,49,100,100,0.3333333333333333,200,160,300,660,11,-0.9100000000000001,1,100,100
R_3HFzhKZtY1LqMyT,OLD,BFAFT,SIPREV,1,40,Down syndrome,50,No,No,50,50,Yes,80,No,60,50,50,50,50,100,100,25,100,1,110,100,300,510,79.2,-29.200000000000003,0,-50,-60
R_3HFzhKZtY1LqMyT,OLD,BFAFT,SIPREV,2,20,Breast cancer,89.47,No,No,70,60,Yes,60,Yes,70,80,50,100,100,11,13,100,34,0.5,200,100,300,600,11,78.47,0,-70,70
R_3hm8xkBmmb6c9Ih,OLD,BFAFT,SIPREV,1,20,Down syndrome,90.88,Yes,Yes,93,96,Yes,86,Yes,82,93,97,100,95,100,100,83,100,0.75,194,179,271,644,20,70.88,0,93,82
R_3hm8xkBmmb6c9Ih,OLD,BFAFT,SIPREV,2,40,Breast cancer,95.7,Yes,Yes,98,99,Yes,88,Yes,98,95,99,100,100,90,89,100,78,1,200,190,300,690,91,4.700000000000003,1,98,98
R_3HodquVKu702Dqq,NEW,AFTER,SIPREV,1,40,Breast cancer,91.31,Yes,NA,90,NA,Yes,90,Yes,90,100,90,100,100,100,100,100,100,1,180,180,300,660,91,0.3100000000000023,1,90,90
R_3HodquVKu702Dqq,NEW,AFTER,SIPREV,2,20,Down syndrome,20.35,Yes,NA,90,NA,Yes,90,Yes,90,100,100,100,100,100,100,100,100,1,100,40,300,440,20,0.3500000000000014,1,90,90
R_3hrrR1t66lAaBqQ,OLD,BFAFT,NOPREV,1,40,Down syndrome,99.56,Yes,Yes,20,50,No,50,Yes,65,80,50,82,100,55,55,38,4,0.75,120,194,270,584,79.2,20.36,0,20,65
R_3hrrR1t66lAaBqQ,OLD,BFAFT,NOPREV,2,20,Breast cancer,80.44,Yes,Yes,100,100,Yes,0,Yes,100,60,60,80,100,65,65,75,20,0.5,100,170,300,570,11,69.44,0,100,100
R_3irFRJGrQ1WnRMo,NEW,AFTER,NOPREV,1,20,Breast cancer,10,Yes,NA,75,NA,Yes,60,Yes,15,50,90,50,50,75,75,70,75,1,125,40,300,465,11,-1,1,75,15
R_3irFRJGrQ1WnRMo,NEW,AFTER,NOPREV,2,40,Down syndrome,79.04,Yes,NA,100,NA,Yes,100,Yes,10,50,49,90,0,100,100,0,100,1,190,180,300,670,79.2,-0.1599999999999966,1,100,10
R_3j1yyVWVPGI4iUh,NEW,AFTER,NOPREV,1,20,Down syndrome,22.89,Yes,NA,100,NA,Yes,100,Yes,51,100,100,100,100,100,100,100,100,0.3333333333333333,102,162,300,564,20,2.8900000000000006,1,100,51
R_3j1yyVWVPGI4iUh,NEW,AFTER,NOPREV,2,40,Breast cancer,91.4,Yes,NA,100,NA,Yes,100,Yes,100,100,100,100,100,100,100,100,100,1,200,162,300,662,91,0.4000000000000057,1,100,100
R_3jD5A6cmUCYRiEh,NEW,BFAFT,NOPREV,1,40,Breast cancer,90.96,Yes,Yes,91,90,Yes,81,Yes,94,79,78,95,80,65,57,50,34,0.6666666666666666,48,165,271,484,91,-0.04000000000000625,1,91,94
R_3jD5A6cmUCYRiEh,NEW,BFAFT,NOPREV,2,20,Down syndrome,24.3,Yes,Yes,71,80,Yes,90,Yes,82,79,79,94,90,71,50,82,19,0.3333333333333333,73,101,231,405,20,4.300000000000001,1,71,82
R_3JegBfegRZ7tl0u,NEW,AFTER,SIPREV,1,40,Down syndrome,90.96,No,NA,100,NA,Yes,96,No,97,4,10,1,72,96,100,5,97,0.3333333333333333,0,101,170,271,79.2,11.759999999999991,0,-100,-97
R_3JegBfegRZ7tl0u,NEW,AFTER,SIPREV,2,20,Breast cancer,80.96,No,NA,96,NA,Yes,96,Yes,95,10,4,100,100,9,5,84,8,0.3333333333333333,82,121,290,493,11,69.96,0,-96,95
R_3jfEJpk9gN2L1Vz,NEW,BFAFT,SIPREV,1,40,Down syndrome,17.54,Yes,Yes,81,85,Yes,7,Yes,15,44,47,51,43,75,65,44,48,0.6666666666666666,140,130,300,570,79.2,-61.660000000000004,0,81,15
R_3jfEJpk9gN2L1Vz,NEW,BFAFT,SIPREV,2,20,Breast cancer,4.04,Yes,Yes,100,100,Yes,19,Yes,100,100,100,100,100,100,100,100,100,0.3333333333333333,0,196,298,494,11,-6.96,0,100,100
R_3JI7dv751Rf5mT8,NEW,AFTER,NOPREV,1,40,Breast cancer,91.32,Yes,NA,100,NA,Yes,91,Yes,100,94,96,100,100,86,38,100,18,0.6666666666666666,200,176,285,661,91,0.3199999999999932,1,100,100
R_3JI7dv751Rf5mT8,NEW,AFTER,NOPREV,2,20,Down syndrome,20.35,No,NA,43,NA,No,91,Yes,90,19,94,100,100,23,15,7,18,1,180,33,300,513,20,0.3500000000000014,1,-43,90
R_3JKn58qEnyMXnSD,OLD,BFAFT,SIPREV,1,40,Breast cancer,82.54,Yes,Yes,91,92,Yes,85,No,62,76,85,76,88,76,83,74,71,1,165,187,261,613,91,-8.459999999999994,0,91,-62
R_3JKn58qEnyMXnSD,OLD,BFAFT,SIPREV,2,20,Down syndrome,82.02,Yes,Yes,82,64,Yes,85,No,75,73,86,63,78,89,76,62,70,0.75,137,155,219,511,20,62.019999999999996,0,82,-75
R_3JLquKKrOeW4825,OLD,BFAFT,NOPREV,1,20,Breast cancer,99.04,Yes,Yes,53,86,Yes,95,Yes,100,69,76,95,81,65,69,76,72,0.5,131,171,201,503,11,88.04,0,53,100
R_3JLquKKrOeW4825,OLD,BFAFT,NOPREV,2,40,Down syndrome,99.56,Yes,Yes,93,99,Yes,99,Yes,100,83,84,100,90,91,31,99,91,0.75,137,150,220,507,79.2,20.36,0,93,100
R_3kHUjxxkaXCEknl,OLD,AFTER,SIPREV,1,20,Breast cancer,26.05,Yes,NA,84,NA,Yes,66,Yes,78,89,42,31,78,62,79,62,57,0,134,132,143,409,11,15.05,0,84,78
R_3kHUjxxkaXCEknl,OLD,AFTER,SIPREV,2,40,Down syndrome,73.07,Yes,NA,78,NA,Yes,44,Yes,76,87,79,71,93,83,74,75,96,0,160,137,244,541,79.2,-6.13000000000001,0,78,76
R_3L7q8ZFCwmrRicO,OLD,AFTER,SIPREV,1,20,Down syndrome,91.4,Yes,NA,73,NA,Yes,51,Yes,77,78,74,81,85,77,82,71,74,0.75,144,151,225,520,20,71.4,0,73,77
R_3L7q8ZFCwmrRicO,OLD,AFTER,SIPREV,2,40,Breast cancer,94.82,Yes,NA,91,NA,Yes,82,Yes,87,87,81,88,81,74,79,83,84,1,164,168,247,579,91,3.819999999999993,1,91,87
R_3MRsUOP8q9e0rM4,OLD,AFTER,SIPREV,1,40,Down syndrome,16.67,No,NA,90,NA,Yes,95,Yes,20,85,50,75,75,100,100,75,100,0.5,130,100,280,510,79.2,-62.53,0,-90,20
R_3MRsUOP8q9e0rM4,OLD,AFTER,SIPREV,2,20,Breast cancer,75,Yes,NA,100,NA,Yes,100,Yes,100,100,100,100,100,20,20,100,20,0.75,175,200,300,675,11,64,0,100,100
R_3MSvLN7KGS1EbeD,OLD,BFAFT,NOPREV,1,20,Down syndrome,60.09,No,No,100,100,Yes,72,No,100,30,92,100,66,100,100,0,100,0.5,10,50,300,360,20,40.09,0,-100,-100
R_3MSvLN7KGS1EbeD,OLD,BFAFT,NOPREV,2,40,Breast cancer,97.89,Yes,Yes,100,100,Yes,91,Yes,100,61,92,100,100,0,0,100,0,0.75,200,196,300,696,91,6.890000000000001,0,100,100
R_3NCWHWF0PcQ20Ke,NEW,BFAFT,NOPREV,1,20,Breast cancer,90.35,Yes,Yes,100,100,Yes,91,Yes,100,100,100,100,100,100,100,100,100,1,200,200,300,700,11,79.35,0,100,100
R_3NCWHWF0PcQ20Ke,NEW,BFAFT,NOPREV,2,40,Down syndrome,79.04,Yes,Yes,100,100,Yes,100,Yes,100,100,100,100,100,100,100,100,100,1,200,200,300,700,79.2,-0.1599999999999966,1,100,100
R_3NyvHHUM3GuZAwZ,OLD,AFTER,NOPREV,1,20,Down syndrome,99.65,Yes,NA,100,NA,Yes,100,Yes,100,100,100,100,100,52,53,100,52,0.75,200,199,300,699,20,79.65,0,100,100
R_3NyvHHUM3GuZAwZ,OLD,AFTER,NOPREV,2,40,Breast cancer,99.82,Yes,NA,100,NA,Yes,100,Yes,100,100,100,100,100,6,7,100,6,0.75,200,200,300,700,91,8.819999999999993,0,100,100
R_3oQFA6ITfCMRlgH,OLD,AFTER,NOPREV,1,20,Down syndrome,63.68,Yes,NA,67,NA,Yes,82,Yes,77,51,76,87,67,57,84,64,76,0,145,130,243,518,20,43.68,0,67,77
R_3oQFA6ITfCMRlgH,OLD,AFTER,NOPREV,2,40,Breast cancer,2.02,No,NA,86,NA,Yes,82,No,75,67,74,54,67,49,62,73,44,0.5,128,124,205,457,91,-88.98,0,-86,-75
R_3oXiUMRWyhTN1x6,OLD,BFAFT,SIPREV,1,40,Down syndrome,8.6,Yes,Yes,87,96,Yes,87,Yes,92,89,90,90,84,64,64,75,59,0.5,179,112,266,557,79.2,-70.60000000000001,0,87,92
R_3oXiUMRWyhTN1x6,OLD,BFAFT,SIPREV,2,20,Breast cancer,61.14,Yes,Yes,82,97,Yes,99,Yes,93,86,87,87,87,74,73,81,71,0.75,150,173,251,574,11,50.14,0,82,93
R_3oXz4J2XrgG2Nyc,OLD,BFAFT,NOPREV,1,40,Down syndrome,99.91,Yes,Yes,81,100,Yes,100,Yes,91,91,90,100,100,85,85,94,82,0.75,152,171,271,594,79.2,20.709999999999994,0,81,91
R_3oXz4J2XrgG2Nyc,OLD,BFAFT,NOPREV,2,20,Breast cancer,80.79,No,No,80,80,Yes,50,Yes,100,81,82,100,100,72,73,100,74,0.75,200,194,300,694,11,69.79,0,-80,100
R_3P7TKXQNtkRDrBy,NEW,BFAFT,NOPREV,1,20,Down syndrome,20.09,No,No,81,89,Yes,95,No,95,15,91,31,9,95,93,7,96,1,59,28,218,305,20,0.08999999999999986,1,-81,-95
R_3P7TKXQNtkRDrBy,NEW,BFAFT,NOPREV,2,40,Breast cancer,90.7,Yes,Yes,100,100,Yes,68,Yes,94,88,95,99,94,27,30,65,22,1,182,177,283,642,91,-0.29999999999999716,1,100,94
R_3pfFM0WuuGzaO3x,NEW,AFTER,NOPREV,1,40,Breast cancer,91.05,Yes,NA,40,NA,No,50,Yes,40,10,10,90,98,10,10,60,10,1,150,100,255,505,91,0.04999999999999716,1,40,40
R_3pfFM0WuuGzaO3x,NEW,AFTER,NOPREV,2,20,Down syndrome,20,No,NA,5,NA,No,50,Yes,5,30,40,90,80,40,70,80,70,1,150,20,295,465,20,0,1,-5,5
R_3PnoH0lMXPVRr5r,OLD,BFAFT,SIPREV,1,20,Down syndrome,2.72,Yes,No,50,49,Yes,47,No,58,49,19,13,14,95,92,10,94,0.75,43,15,282,340,20,-17.28,0,50,-58
R_3PnoH0lMXPVRr5r,OLD,BFAFT,SIPREV,2,40,Breast cancer,2.02,Yes,Yes,60,90,Yes,87,Yes,12,51,39,83,96,64,67,79,78,0.75,142,35,257,434,91,-88.98,0,60,12
R_3Pucwk78Nqzrxao,NEW,BFAFT,NOPREV,1,20,Down syndrome,20.09,No,No,50,50,Yes,10,No,91,10,0,80,0,90,91,0,93,0,0,80,121,201,20,0.08999999999999986,1,-50,-91
R_3Pucwk78Nqzrxao,NEW,BFAFT,NOPREV,2,40,Breast cancer,91.23,Yes,Yes,100,100,Yes,51,Yes,100,92,92,100,100,0,0,100,0,0.6666666666666666,200,172,300,672,91,0.23000000000000398,1,100,100
R_3qgqmBcINufGxYQ,NEW,AFTER,SIPREV,1,20,Down syndrome,20,No,NA,89,NA,Yes,100,Yes,100,3,8,91,100,100,19,100,14,1,59,33,200,292,20,0,1,-89,100
R_3qgqmBcINufGxYQ,NEW,AFTER,SIPREV,2,40,Breast cancer,91.05,Yes,NA,100,NA,Yes,100,Yes,100,94,100,100,100,66,54,100,98,0.6666666666666666,195,192,300,687,91,0.04999999999999716,1,100,100
R_3QLEalrW0wn7Uj9,NEW,BFAFT,NOPREV,1,40,Down syndrome,90.09,No,No,90,99,Yes,99,No,99,49,80,49,95,100,100,49,100,0,150,189,297,636,79.2,10.89,0,-90,-99
R_3QLEalrW0wn7Uj9,NEW,BFAFT,NOPREV,2,20,Breast cancer,99.04,Yes,Yes,100,100,Yes,99,Yes,90,99,99,100,100,99,99,100,51,0,195,198,300,693,11,88.04,0,100,90
R_3qPX36pC5MsLSoE,NEW,AFTER,SIPREV,1,20,Breast cancer,11.05,Yes,NA,100,NA,Yes,100,Yes,100,60,100,100,100,30,20,100,15,0.6666666666666666,200,120,300,620,11,0.05000000000000071,1,100,100
R_3qPX36pC5MsLSoE,NEW,AFTER,SIPREV,2,40,Down syndrome,79.47,No,NA,100,NA,Yes,100,Yes,100,40,40,100,30,4,4,0,3,1,200,70,250,520,79.2,0.269999999999996,1,-100,100
R_3RgxO8QqYpQbrvC,NEW,AFTER,NOPREV,1,20,Down syndrome,20,No,NA,70,NA,Yes,91,Yes,51,60,40,91,80,20,20,70,50,0.6666666666666666,100,50,251,401,20,0,1,-70,51
R_3RgxO8QqYpQbrvC,NEW,AFTER,NOPREV,2,40,Breast cancer,91.58,Yes,NA,100,NA,Yes,100,Yes,91,40,100,90,81,50,21,100,10,0.6666666666666666,152,181,300,633,91,0.5799999999999983,1,100,91
R_3rU5adeeqHm7yg3,NEW,AFTER,NOPREV,1,20,Breast cancer,10.18,Yes,NA,100,NA,Yes,100,Yes,100,52,50,100,100,1,1,100,1,0.6666666666666666,175,70,300,545,11,-0.8200000000000003,1,100,100
R_3rU5adeeqHm7yg3,NEW,AFTER,NOPREV,2,40,Down syndrome,81.49,Yes,NA,100,NA,Yes,77,Yes,100,100,87,100,100,100,43,100,40,0.6666666666666666,200,183,300,683,79.2,2.289999999999992,1,100,100
R_3RwRpKsdPsvy0rl,NEW,BFAFT,NOPREV,1,40,Down syndrome,90.53,Yes,Yes,68,81,Yes,78,No,83,66,85,16,18,93,92,14,96,0.3333333333333333,31,149,226,406,79.2,11.329999999999998,0,68,-83
R_3RwRpKsdPsvy0rl,NEW,BFAFT,NOPREV,2,20,Breast cancer,98.33,Yes,Yes,96,91,Yes,90,Yes,94,97,97,100,100,16,18,100,3,0.6666666666666666,197,186,276,659,11,87.33,0,96,94
R_3stfVMyfgkRNA7J,NEW,AFTER,SIPREV,1,40,Down syndrome,79.12,Yes,NA,100,NA,Yes,95,No,70,60,60,20,65,100,85,10,100,0.6666666666666666,50,80,191,321,79.2,-0.0799999999999983,1,100,-70
R_3stfVMyfgkRNA7J,NEW,AFTER,SIPREV,2,20,Breast cancer,5.26,No,NA,100,NA,Yes,100,Yes,85,0,0,100,100,0,0,90,0,0.3333333333333333,135,20,225,380,11,-5.74,0,-100,85
R_3sufAjBIXFHZ7UP,NEW,AFTER,NOPREV,1,20,Down syndrome,91.84,Yes,NA,99,NA,Yes,100,Yes,94,91,91,100,100,12,10,87,6,0.3333333333333333,182,166,253,601,20,71.84,0,99,94
R_3sufAjBIXFHZ7UP,NEW,AFTER,NOPREV,2,40,Breast cancer,99.38,Yes,NA,100,NA,Yes,100,Yes,99,100,99,99,99,6,7,100,6,0.3333333333333333,199,197,297,693,91,8.379999999999995,0,100,99
R_42SgUP2JK9muLuh,NEW,AFTER,NOPREV,1,40,Down syndrome,90,No,NA,100,NA,No,100,No,100,0,0,0,0,100,100,0,100,0.6666666666666666,0,0,300,300,79.2,10.799999999999997,0,-100,-100
R_42SgUP2JK9muLuh,NEW,AFTER,NOPREV,2,20,Breast cancer,11.05,No,NA,100,NA,Yes,100,Yes,100,100,100,100,100,0,0,100,0,0.6666666666666666,200,10,300,510,11,0.05000000000000071,1,-100,100
R_4NjeFVesZtlqBfb,OLD,BFAFT,NOPREV,1,40,Breast cancer,99.04,Yes,Yes,50,50,Yes,99,Yes,87,98,99,91,100,98,49,96,98,0.75,60,198,296,554,91,8.040000000000006,0,50,87
R_4NjeFVesZtlqBfb,OLD,BFAFT,NOPREV,2,20,Down syndrome,90,No,No,50,50,Yes,90,No,50,14,14,15,14,31,30,14,30,0.75,10,180,150,340,20,70,0,-50,-50
R_5bYXC0gfBijzRcd,OLD,BFAFT,SIPREV,1,20,Breast cancer,0.09,Yes,Yes,70,80,Yes,75,Yes,100,0,0,100,100,100,100,100,100,0.25,157,150,164,471,11,-10.91,0,70,100
R_5bYXC0gfBijzRcd,OLD,BFAFT,SIPREV,2,40,Down syndrome,92.98,Yes,Yes,100,100,Yes,100,Yes,100,0,0,100,100,70,54,85,78,0.25,200,186,300,686,79.2,13.780000000000001,0,100,100
R_5j2lL8sig9AFj0Z,OLD,BFAFT,NOPREV,1,20,Breast cancer,68.95,Yes,Yes,61,56,Yes,73,Yes,87,78,70,82,100,64,48,55,76,0.75,200,161,300,661,11,57.95,0,61,87
R_5j2lL8sig9AFj0Z,OLD,BFAFT,NOPREV,2,40,Down syndrome,75.53,Yes,Yes,76,76,Yes,70,Yes,100,83,91,77,100,19,12,60,8,1,180,162,269,611,79.2,-3.6700000000000017,1,76,100
R_6Peu9kmp7kmdNIZ,OLD,AFTER,SIPREV,1,20,Down syndrome,9.56,Yes,NA,100,NA,Yes,50,No,50,20,70,10,20,80,80,10,71,0.75,150,100,300,550,20,-10.44,0,100,-50
R_6Peu9kmp7kmdNIZ,OLD,AFTER,SIPREV,2,40,Breast cancer,50.09,Yes,NA,100,NA,Yes,50,Yes,91,80,82,93,100,19,19,83,27,0.75,200,125,288,613,91,-40.91,0,100,91
R_6R06xrJUEZo2bmh,NEW,BFAFT,SIPREV,1,40,Breast cancer,25.7,Yes,Yes,100,100,Yes,100,Yes,90,97,98,100,100,80,80,100,85,0.6666666666666666,200,200,300,700,91,-65.3,0,100,90
R_6R06xrJUEZo2bmh,NEW,BFAFT,SIPREV,2,20,Down syndrome,3.51,No,No,100,100,Yes,95,No,100,95,69,29,60,100,100,57,100,0.3333333333333333,100,75,205,380,20,-16.490000000000002,0,-100,-100
R_71ff5vjOP2pOhUd,OLD,AFTER,NOPREV,1,20,Down syndrome,90.35,Yes,NA,74,NA,Yes,91,Yes,94,90,95,100,100,59,64,100,19,0.5,190,175,286,651,20,70.35,0,74,94
R_71ff5vjOP2pOhUd,OLD,AFTER,NOPREV,2,40,Breast cancer,99.12,Yes,NA,100,NA,Yes,100,Yes,100,97,89,100,100,66,16,92,55,0.75,195,161,296,652,91,8.120000000000005,0,100,100
R_8dmDrDUH2ScB7mp,OLD,AFTER,SIPREV,1,20,Down syndrome,0.7,Yes,NA,100,NA,Yes,50,Yes,80,90,75,90,100,85,86,100,96,0.25,125,105,280,510,20,-19.3,0,100,80
R_8dmDrDUH2ScB7mp,OLD,AFTER,SIPREV,2,40,Breast cancer,75.09,Yes,NA,100,NA,Yes,100,Yes,100,100,100,100,100,100,100,100,100,0.5,200,195,300,695,91,-15.909999999999997,0,100,100
R_8p4mMgAQ5YiVXdT,NEW,AFTER,NOPREV,1,40,Down syndrome,79.04,Yes,NA,92,NA,Yes,81,No,100,90,95,0,50,100,100,0,100,0.3333333333333333,109,182,281,572,79.2,-0.1599999999999966,1,92,-100
R_8p4mMgAQ5YiVXdT,NEW,AFTER,NOPREV,2,20,Breast cancer,95.88,Yes,NA,92,NA,Yes,96,Yes,93,91,91,100,100,0,0,100,0,0.6666666666666666,78,181,298,557,11,84.88,0,92,93
R_9p0MKuxw2rBOBsB,NEW,AFTER,NOPREV,1,40,Breast cancer,97.89,Yes,NA,100,NA,Yes,75,Yes,100,1,1,100,100,10,1,100,1,0.3333333333333333,200,190,300,690,91,6.890000000000001,0,100,100
R_9p0MKuxw2rBOBsB,NEW,AFTER,NOPREV,2,20,Down syndrome,20,Yes,NA,60,NA,Yes,85,Yes,60,60,15,100,100,90,75,100,90,1,80,80,300,460,20,0,1,60,60
R_AjnsLveBAVjhKDL,NEW,AFTER,SIPREV,1,20,Breast cancer,11.05,No,NA,73,NA,Yes,31,Yes,100,51,73,98,100,44,56,96,91,0.6666666666666666,190,140,280,610,11,0.05000000000000071,1,-73,100
R_AjnsLveBAVjhKDL,NEW,AFTER,SIPREV,2,40,Down syndrome,79.12,Yes,NA,71,NA,Yes,81,Yes,61,71,62,64,77,70,71,79,89,1,140,114,211,465,79.2,-0.0799999999999983,1,71,61
R_b2sBHl2TWFA9xRL,OLD,AFTER,SIPREV,1,40,Breast cancer,50,Yes,NA,100,NA,Yes,50,Yes,50,100,50,100,100,50,50,100,50,0.5,200,200,300,700,91,-41,0,100,50
R_b2sBHl2TWFA9xRL,OLD,AFTER,SIPREV,2,20,Down syndrome,99.65,Yes,NA,100,NA,Yes,50,Yes,100,100,100,100,100,100,100,100,100,0.75,200,200,300,700,20,79.65,0,100,100
R_BAk0i9qZNK3Lwd3,NEW,AFTER,SIPREV,1,40,Down syndrome,79.21,Yes,NA,50,NA,Yes,50,No,81,100,81,50,50,84,92,100,100,0.3333333333333333,119,120,246,485,79.2,0.009999999999990905,1,50,-81
R_BAk0i9qZNK3Lwd3,NEW,AFTER,SIPREV,2,20,Breast cancer,61.32,Yes,NA,70,NA,Yes,30,Yes,40,81,30,88,94,13,20,5,15,0.6666666666666666,184,172,248,604,11,50.32,0,70,40
R_baucVOnNYtMgr6x,OLD,BFAFT,NOPREV,1,20,Down syndrome,91.16,No,No,100,100,Yes,62,No,100,0,0,0,0,0,0,0,0,0.25,0,0,0,0,20,71.16,0,-100,-100
R_baucVOnNYtMgr6x,OLD,BFAFT,NOPREV,2,40,Breast cancer,97.88,Yes,Yes,76,100,Yes,91,Yes,68,99,100,100,100,0,0,49,50,0.5,199,198,299,696,91,6.8799999999999955,0,76,68
R_bkgBmExgOudeYq5,NEW,BFAFT,NOPREV,1,40,Down syndrome,87.72,Yes,Yes,95,99,Yes,97,Yes,82,83,75,100,85,11,17,100,8,0.6666666666666666,196,142,266,604,79.2,8.519999999999996,0,95,82
R_bkgBmExgOudeYq5,NEW,BFAFT,NOPREV,2,20,Breast cancer,11.05,Yes,Yes,100,100,Yes,100,Yes,100,94,99,100,100,3,3,100,15,0.6666666666666666,191,184,300,675,11,0.05000000000000071,1,100,100
R_bNusUkhks4j9fQB,OLD,BFAFT,SIPREV,1,40,Breast cancer,99.02,Yes,Yes,100,100,Yes,70,Yes,80,75,75,100,100,90,90,100,90,0.5,50,195,300,545,91,8.019999999999996,0,100,80
R_bNusUkhks4j9fQB,OLD,BFAFT,SIPREV,2,20,Down syndrome,90.02,Yes,Yes,100,100,Yes,85,Yes,75,85,85,100,100,85,85,100,85,0.75,40,180,300,520,20,70.02,0,100,75
R_BV6ykTLn55XmVyx,NEW,AFTER,SIPREV,1,20,Down syndrome,20,No,NA,100,NA,Yes,100,Yes,85,50,50,75,50,50,65,75,75,0.3333333333333333,160,181,300,641,20,0,1,-100,85
R_BV6ykTLn55XmVyx,NEW,AFTER,SIPREV,2,40,Breast cancer,98.6,Yes,NA,100,NA,Yes,100,Yes,100,96,100,100,100,20,20,100,100,0.3333333333333333,200,192,300,692,91,7.599999999999994,0,100,100
R_BwSgDC8oIOUojrb,OLD,BFAFT,NOPREV,1,20,Breast cancer,29.91,Yes,Yes,51,40,Yes,44,Yes,95,62,50,100,97,95,99,95,42,0.75,193,163,300,656,11,18.91,0,51,95
R_BwSgDC8oIOUojrb,OLD,BFAFT,NOPREV,2,40,Down syndrome,90,No,No,92,93,Yes,91,No,100,2,3,3,3,1,96,2,100,0.75,5,161,25,191,79.2,10.799999999999997,0,-92,-100
R_cMGlz3VZehoX3MJ,OLD,AFTER,NOPREV,1,20,Down syndrome,96.31,Yes,NA,100,NA,Yes,95,Yes,100,99,100,100,100,25,59,100,2,0,196,191,288,675,20,76.31,0,100,100
R_cMGlz3VZehoX3MJ,OLD,AFTER,NOPREV,2,40,Breast cancer,99.12,Yes,NA,100,NA,Yes,100,Yes,100,70,86,100,75,76,100,90,5,0.5,200,194,288,682,91,8.120000000000005,0,100,100
R_D17p42u85D1XSZH,OLD,BFAFT,SIPREV,1,20,Down syndrome,85.26,Yes,No,20,40,Yes,38,Yes,50,95,84,95,93,55,55,95,55,0.75,110,135,300,545,20,65.26,0,20,50
R_D17p42u85D1XSZH,OLD,BFAFT,SIPREV,2,40,Breast cancer,41.14,Yes,Yes,50,50,Yes,39,Yes,35,74,74,100,100,57,58,100,24,0.5,100,99,300,499,91,-49.86,0,50,35
R_d70NuO1N8Gsjhjr,NEW,AFTER,NOPREV,1,20,Down syndrome,20,No,NA,80,NA,Yes,90,Yes,80,0,0,80,80,20,0,50,10,1,120,0,300,420,20,0,1,-80,80
R_d70NuO1N8Gsjhjr,NEW,AFTER,NOPREV,2,40,Breast cancer,91.58,Yes,NA,100,NA,Yes,90,Yes,100,50,50,100,100,10,0,100,0,0.6666666666666666,200,180,300,680,91,0.5799999999999983,1,100,100
R_DGmUwk2muEIM0j7,OLD,AFTER,SIPREV,1,40,Down syndrome,60.09,Yes,NA,65,NA,Yes,40,Yes,58,94,91,92,94,39,38,78,37,0.75,161,178,267,606,79.2,-19.11,0,65,58
R_DGmUwk2muEIM0j7,OLD,AFTER,SIPREV,2,20,Breast cancer,99.04,Yes,NA,94,NA,Yes,90,Yes,80,96,93,89,96,22,22,62,21,0.75,137,176,272,585,11,88.04,0,94,80
R_DIRI22Y3JlgiURr,NEW,AFTER,NOPREV,1,20,Down syndrome,19.82,Yes,NA,100,NA,Yes,100,Yes,100,70,16,100,67,8,12,69,28,1,155,39,187,381,20,-0.17999999999999972,1,100,100
R_DIRI22Y3JlgiURr,NEW,AFTER,NOPREV,2,40,Breast cancer,91.49,Yes,NA,100,NA,Yes,100,Yes,100,94,93,99,100,13,14,100,22,1,200,184,290,674,91,0.4899999999999949,1,100,100
R_DjgKFWQlONrikxj,NEW,BFAFT,SIPREV,1,40,Breast cancer,91.49,Yes,Yes,97,99,Yes,100,Yes,100,81,97,100,100,0,0,56,59,0.3333333333333333,47,189,300,536,91,0.4899999999999949,1,97,100
R_DjgKFWQlONrikxj,NEW,BFAFT,SIPREV,2,20,Down syndrome,1.14,Yes,No,100,39,Yes,50,Yes,39,81,59,88,96,19,59,97,7,1,109,9,283,401,20,-18.86,0,100,39
R_DnK1m22YhDijbSV,NEW,BFAFT,NOPREV,1,20,Down syndrome,20,No,No,88,91,Yes,100,Yes,100,65,100,100,89,73,74,80,67,0.6666666666666666,200,45,299,544,20,0,1,-88,100
R_DnK1m22YhDijbSV,NEW,BFAFT,NOPREV,2,40,Breast cancer,90.61,Yes,Yes,100,100,Yes,100,Yes,96,100,100,100,93,79,83,100,93,0.6666666666666666,200,200,300,700,91,-0.39000000000000057,1,100,96
R_O1M4057jZv0v4id,NEW,BFAFT,SIPREV,1,20,Breast cancer,1.32,No,No,80,90,Yes,90,Yes,90,80,90,100,100,100,70,100,70,1,155,20,300,475,11,-9.68,0,-80,90
R_O1M4057jZv0v4id,NEW,BFAFT,SIPREV,2,40,Down syndrome,79.04,Yes,Yes,85,85,Yes,100,Yes,100,90,90,100,100,100,90,100,90,1,200,158,300,658,79.2,-0.1599999999999966,1,85,100
R_pAjhMU65AetYbLz,OLD,BFAFT,SIPREV,1,20,Breast cancer,19.56,No,No,30,10,Yes,5,Yes,19,50,37,70,89,50,50,95,50,0.25,100,71,234,405,11,8.559999999999999,0,-30,19
R_pAjhMU65AetYbLz,OLD,BFAFT,SIPREV,2,40,Down syndrome,70.09,Yes,Yes,81,31,Yes,30,Yes,71,71,72,98,73,49,49,100,19,1,160,122,274,556,79.2,-9.11,0,81,71
R_pozkRgcSu9mZoBP,NEW,BFAFT,NOPREV,1,20,Breast cancer,11.23,No,No,80,82,Yes,91,Yes,100,8,6,71,100,5,4,100,9,0.6666666666666666,84,46,269,399,11,0.23000000000000043,1,-80,100
R_pozkRgcSu9mZoBP,NEW,BFAFT,NOPREV,2,40,Down syndrome,79.65,No,No,100,99,Yes,94,No,99,4,0,0,0,95,93,0,96,1,0,20,300,320,79.2,0.45000000000000284,1,-100,-99
R_PRO2ok3rbPTKaul,OLD,AFTER,NOPREV,1,20,Down syndrome,91.14,Yes,NA,96,NA,Yes,97,Yes,96,96,96,96,49,5,5,94,6,0.5,196,190,284,670,20,71.14,0,96,96
R_PRO2ok3rbPTKaul,OLD,AFTER,NOPREV,2,40,Breast cancer,94.3,Yes,NA,100,NA,Yes,97,Yes,100,96,96,99,100,3,3,97,4,1,194,188,292,674,91,3.299999999999997,1,100,100
R_Qgfrc7P2YQi6aEp,OLD,BFAFT,SIPREV,1,20,Down syndrome,90,Yes,Yes,60,70,Yes,80,Yes,70,60,60,80,60,60,60,60,60,0.75,145,160,270,575,20,70,0,60,70
R_Qgfrc7P2YQi6aEp,OLD,BFAFT,SIPREV,2,40,Breast cancer,99.04,Yes,Yes,80,85,Yes,90,Yes,60,80,80,50,95,50,50,81,50,0.75,160,180,275,615,91,8.040000000000006,0,80,60
R_Qi9U3O1wKjZq157,NEW,BFAFT,NOPREV,1,40,Down syndrome,79.21,No,Yes,55,41,No,91,Yes,78,62,85,85,74,57,50,11,49,1,175,158,189,522,79.2,0.009999999999990905,1,-55,78
R_Qi9U3O1wKjZq157,NEW,BFAFT,NOPREV,2,20,Breast cancer,11.05,No,No,81,78,No,99,No,27,41,92,100,94,16,6,19,14,0.6666666666666666,4,22,275,301,11,0.05000000000000071,1,-81,-27
R_rrrWeyX2WVApYQ1,OLD,AFTER,NOPREV,1,20,Breast cancer,40.26,Yes,NA,92,NA,Yes,75,Yes,100,24,88,53,94,68,57,79,84,0.75,149,153,300,602,11,29.259999999999998,0,92,100
R_rrrWeyX2WVApYQ1,OLD,AFTER,NOPREV,2,40,Down syndrome,55.79,No,NA,97,NA,Yes,51,Yes,100,100,71,100,100,100,100,100,97,0.75,189,189,300,678,79.2,-23.410000000000004,0,-97,100
R_siMkuQTlEZj2uc1,OLD,BFAFT,SIPREV,1,40,Breast cancer,95.96,Yes,Yes,89,94,No,63,Yes,82,92,93,97,98,85,90,96,88,1,171,177,274,622,91,4.959999999999994,1,89,82
R_siMkuQTlEZj2uc1,OLD,BFAFT,SIPREV,2,20,Down syndrome,92.81,Yes,Yes,64,60,No,65,No,68,75,75,68,69,95,95,60,93,0.75,92,161,155,408,20,72.81,0,64,-68
R_SJDgsqWMQO9xJPb,OLD,AFTER,NOPREV,1,20,Down syndrome,84.47,Yes,NA,97,NA,No,88,Yes,92,80,91,99,97,71,74,91,76,0.25,188,180,286,654,20,64.47,0,97,92
R_SJDgsqWMQO9xJPb,OLD,AFTER,NOPREV,2,40,Breast cancer,99.56,Yes,NA,99,NA,Yes,100,Yes,96,96,90,95,95,61,60,97,96,0.75,186,196,285,667,91,8.560000000000002,0,99,96
R_SNuVHhZNgr1CC3f,OLD,AFTER,SIPREV,1,40,Down syndrome,40.44,Yes,NA,71,NA,Yes,60,Yes,50,100,60,70,100,80,90,60,90,0.5,170,150,300,620,79.2,-38.760000000000005,0,71,50
R_SNuVHhZNgr1CC3f,OLD,AFTER,SIPREV,2,20,Breast cancer,1.67,No,NA,100,NA,Yes,80,Yes,50,60,73,100,100,50,70,80,50,0.5,70,151,241,462,11,-9.33,0,-100,50
R_SUEDFnrpjQqdMf7,OLD,BFAFT,SIPREV,1,20,Breast cancer,10,Yes,Yes,80,90,Yes,80,Yes,100,100,90,100,100,0,0,100,0,0.75,200,182,300,682,11,-1,1,80,100
R_SUEDFnrpjQqdMf7,OLD,BFAFT,SIPREV,2,40,Down syndrome,1.05,Yes,Yes,100,100,Yes,100,Yes,100,100,90,100,50,1,1,0,20,0.75,191,180,300,671,79.2,-78.15,0,100,100
R_T5efVJx178CSEAp,OLD,AFTER,NOPREV,1,20,Breast cancer,16.49,Yes,NA,43,NA,Yes,29,Yes,47,64,93,100,92,72,100,75,64,0.75,116,51,266,433,11,5.489999999999998,0,43,47
R_T5efVJx178CSEAp,OLD,AFTER,NOPREV,2,40,Down syndrome,65.96,No,NA,47,NA,Yes,51,Yes,100,84,92,98,96,78,77,87,100,0.75,20,107,217,344,79.2,-13.240000000000009,0,-47,100
R_tY8ESyGAatHL6xP,NEW,AFTER,SIPREV,1,20,Breast cancer,80.88,Yes,NA,82,NA,Yes,81,No,51,4,5,5,8,96,95,10,96,0.6666666666666666,171,165,298,634,11,69.88,0,82,-51
R_tY8ESyGAatHL6xP,NEW,AFTER,SIPREV,2,40,Down syndrome,79.39,Yes,NA,91,NA,Yes,100,Yes,60,1,70,83,85,26,20,89,13,0.6666666666666666,136,161,18,315,79.2,0.18999999999999773,1,91,60
R_ulSsqP2Yfi6D4vD,OLD,AFTER,NOPREV,1,40,Down syndrome,90,No,NA,46,NA,Yes,25,No,79,49,38,27,29,71,81,26,96,0.5,59,138,236,433,79.2,10.799999999999997,0,-46,-79
R_ulSsqP2Yfi6D4vD,OLD,AFTER,NOPREV,2,20,Breast cancer,55.96,Yes,NA,61,NA,Yes,45,No,45,68,69,62,71,75,79,69,72,0.25,106,116,177,399,11,44.96,0,61,-45
R_us1ha27PYGYVvUt,NEW,BFAFT,SIPREV,1,40,Breast cancer,91.05,Yes,Yes,100,100,Yes,99,Yes,100,50,10,100,98,2,1,70,0,1,180,180,300,660,91,0.04999999999999716,1,100,100
R_us1ha27PYGYVvUt,NEW,BFAFT,SIPREV,2,20,Down syndrome,23.95,No,No,50,60,Yes,71,Yes,60,0,71,100,81,2,7,33,13,0.6666666666666666,120,50,300,470,20,3.9499999999999993,1,-50,60
R_uwFne47piCR8uvn,NEW,BFAFT,SIPREV,1,20,Down syndrome,20,No,No,80,81,Yes,100,No,20,80,80,50,50,80,80,90,100,1,40,30,170,240,20,0,1,-80,-20
R_uwFne47piCR8uvn,NEW,BFAFT,SIPREV,2,40,Breast cancer,20,Yes,Yes,91,50,Yes,40,Yes,90,30,30,100,100,100,100,100,100,1,170,60,250,480,91,-71,0,91,90
R_vce0zQGIkekgTDj,OLD,BFAFT,NOPREV,1,20,Down syndrome,0.44,Yes,Yes,100,100,Yes,50,Yes,80,50,90,100,100,100,100,100,0,0.75,190,100,300,590,20,-19.56,0,100,80
R_vce0zQGIkekgTDj,OLD,BFAFT,NOPREV,2,40,Breast cancer,99.04,Yes,Yes,100,100,Yes,50,Yes,100,100,100,100,100,100,100,100,0,0.75,200,199,300,699,91,8.040000000000006,0,100,100
R_vIkUrPdNSOVIDo5,NEW,BFAFT,SIPREV,1,40,Down syndrome,79.14,Yes,Yes,87,100,Yes,100,Yes,71,70,81,72,82,82,78,62,80,0.3333333333333333,100,191,273,564,79.2,-0.060000000000002274,1,87,71
R_vIkUrPdNSOVIDo5,NEW,BFAFT,SIPREV,2,20,Breast cancer,11.04,Yes,Yes,90,80,Yes,81,No,50,75,76,65,95,58,58,90,65,0.6666666666666666,32,60,278,370,11,0.03999999999999915,1,90,-50
R_vZWjeY23f3D91KN,NEW,BFAFT,NOPREV,1,20,Breast cancer,90.96,Yes,Yes,94,100,Yes,91,Yes,100,100,100,100,100,100,70,100,100,0.3333333333333333,200,195,299,694,11,79.96,0,94,100
R_vZWjeY23f3D91KN,NEW,BFAFT,NOPREV,2,40,Down syndrome,49.56,Yes,Yes,51,100,Yes,92,No,81,50,50,52,81,100,100,51,100,0.3333333333333333,150,90,120,360,79.2,-29.64,0,51,-81
R_W3v0mlzzCiohZ2V,OLD,AFTER,SIPREV,1,20,Down syndrome,81.32,No,NA,100,NA,Yes,61,Yes,100,100,100,100,50,100,74,100,30,0.25,51,155,300,506,20,61.31999999999999,0,-100,100
R_W3v0mlzzCiohZ2V,OLD,AFTER,SIPREV,2,40,Breast cancer,99.39,Yes,NA,100,NA,Yes,100,Yes,100,100,100,100,100,100,100,100,100,0.75,200,200,300,700,91,8.39,0,100,100
R_XhqrRkHosbIU2Mp,OLD,BFAFT,SIPREV,1,20,Breast cancer,18.68,Yes,Yes,81,82,Yes,75,Yes,30,25,69,85,81,46,47,90,77,0.25,123,100,260,483,11,7.68,0,81,30
R_XhqrRkHosbIU2Mp,OLD,BFAFT,SIPREV,2,40,Down syndrome,28.25,Yes,Yes,100,97,Yes,44,Yes,47,77,78,80,95,89,53,88,89,0.5,188,177,258,623,79.2,-50.95,0,100,47
R_XiGJSX83BjPkEjT,NEW,BFAFT,SIPREV,1,20,Breast cancer,12.19,Yes,Yes,100,100,Yes,1,Yes,100,100,100,100,100,85,86,100,100,0.3333333333333333,143,155,300,598,11,1.1899999999999995,1,100,100
R_XiGJSX83BjPkEjT,NEW,BFAFT,SIPREV,2,40,Down syndrome,93.6,Yes,Yes,100,100,Yes,88,Yes,100,100,100,100,100,100,100,100,100,0.3333333333333333,185,188,300,673,79.2,14.399999999999991,0,100,100
R_xmHgvbX0SfB7LVv,OLD,BFAFT,NOPREV,1,40,Breast cancer,94.3,Yes,Yes,50,93,Yes,74,Yes,51,97,85,100,100,100,100,100,100,0,184,189,258,631,91,3.299999999999997,1,50,51
R_xmHgvbX0SfB7LVv,OLD,BFAFT,NOPREV,2,20,Down syndrome,99.65,No,No,81,98,Yes,97,No,97,97,100,100,100,100,100,100,100,0.75,0,198,102,300,20,79.65,0,-81,-97
R_XpoUeLNqDaJXj6F,NEW,AFTER,SIPREV,1,20,Breast cancer,11.04,Yes,NA,50,NA,Yes,60,Yes,45,50,18,100,87,91,97,97,87,1,40,34,300,374,11,0.03999999999999915,1,50,45
R_XpoUeLNqDaJXj6F,NEW,AFTER,SIPREV,2,40,Down syndrome,80.51,Yes,NA,19,NA,No,76,No,46,76,67,54,64,100,100,59,100,0.3333333333333333,49,142,209,400,79.2,1.3100000000000023,1,19,-46
R_xr4kkPVbjyMkCyJ,OLD,AFTER,NOPREV,1,20,Breast cancer,96.93,Yes,NA,99,NA,Yes,80,Yes,98,26,45,100,98,6,6,1,1,0.5,200,192,291,683,11,85.93,0,99,98
R_xr4kkPVbjyMkCyJ,OLD,AFTER,NOPREV,2,40,Down syndrome,41.49,Yes,NA,99,NA,Yes,71,Yes,89,39,50,95,26,6,19,51,34,0.75,196,164,276,636,79.2,-37.71,0,99,89
R_XteVwjSI437gjex,OLD,BFAFT,SIPREV,1,40,Breast cancer,80,Yes,Yes,100,100,Yes,100,Yes,100,100,100,100,100,100,100,100,100,0.5,180,180,300,660,91,-11,0,100,100
R_XteVwjSI437gjex,OLD,BFAFT,SIPREV,2,20,Down syndrome,90,Yes,Yes,100,100,Yes,100,Yes,100,100,100,100,100,100,100,100,100,0.5,200,180,300,680,20,70,0,100,100
R_XTj6L1UsLS5TKxj,OLD,AFTER,SIPREV,1,20,Breast cancer,100,Yes,NA,100,NA,Yes,100,Yes,100,100,100,100,100,100,100,100,100,0.25,200,200,300,700,11,89,0,100,100
R_XTj6L1UsLS5TKxj,OLD,AFTER,SIPREV,2,40,Down syndrome,100,Yes,NA,100,NA,Yes,100,Yes,94,100,100,100,100,100,100,100,100,0.75,200,200,300,700,79.2,20.799999999999997,0,100,94
R_Xug9d1oN6LwE31T,OLD,AFTER,NOPREV,1,40,Down syndrome,70.96,No,NA,93,NA,Yes,82,Yes,92,39,68,69,6,2,1,1,1,0.75,185,40,227,452,79.2,-8.240000000000009,0,-93,92
R_Xug9d1oN6LwE31T,OLD,AFTER,NOPREV,2,20,Breast cancer,99.82,Yes,NA,99,NA,Yes,100,Yes,96,71,20,97,98,97,94,0,3,0.75,60,186,300,546,11,88.82,0,99,96
